-- phpMyAdmin SQL Dump
-- version 4.8.2
-- https://www.phpmyadmin.net/
--
-- Gép: 127.0.0.1
-- Létrehozás ideje: 2019. Ápr 01. 14:49
-- Kiszolgáló verziója: 10.1.34-MariaDB
-- PHP verzió: 7.2.8

SET SQL_MODE = "NO_AUTO_VALUE_ON_ZERO";
SET AUTOCOMMIT = 0;
START TRANSACTION;
SET time_zone = "+00:00";


/*!40101 SET @OLD_CHARACTER_SET_CLIENT=@@CHARACTER_SET_CLIENT */;
/*!40101 SET @OLD_CHARACTER_SET_RESULTS=@@CHARACTER_SET_RESULTS */;
/*!40101 SET @OLD_COLLATION_CONNECTION=@@COLLATION_CONNECTION */;
/*!40101 SET NAMES utf8mb4 */;

--
-- Adatbázis: `szaki.hu`
--
CREATE DATABASE IF NOT EXISTS `szaki.hu` DEFAULT CHARACTER SET utf8 COLLATE utf8_hungarian_ci;
USE `szaki.hu`;

-- --------------------------------------------------------

--
-- Tábla szerkezet ehhez a táblához `chat`
--

CREATE TABLE `chat` (
  `id` int(11) NOT NULL,
  `sender` int(11) NOT NULL,
  `taker` int(11) NOT NULL,
  `message` text COLLATE utf8_hungarian_ci NOT NULL,
  `date` datetime NOT NULL DEFAULT CURRENT_TIMESTAMP,
  `IsImage` tinyint(1) NOT NULL DEFAULT '0'
) ENGINE=InnoDB DEFAULT CHARSET=utf8 COLLATE=utf8_hungarian_ci;

--
-- A tábla adatainak kiíratása `chat`
--

INSERT INTO `chat` (`id`, `sender`, `taker`, `message`, `date`, `IsImage`) VALUES
(3, 5, 6, 'images/chatImages/499ebf14565e072cb87d1578605c34fc.png', '2019-04-01 13:05:28', 1),
(4, 5, 6, 'Szia\n', '2019-04-01 13:06:41', 0),
(5, 5, 6, 'Kérhetnék egy árajánlatot?', '2019-04-01 13:07:05', 0),
(6, 6, 5, 'Szia\n', '2019-04-01 13:10:35', 0),
(7, 6, 5, 'images/chatImages/ce1136f526a8e44bdc0e4fefc0282365.png', '2019-04-01 13:11:01', 1);

-- --------------------------------------------------------

--
-- Tábla szerkezet ehhez a táblához `contractors`
--

CREATE TABLE `contractors` (
  `userID` int(11) NOT NULL,
  `job_name` varchar(50) COLLATE utf8_hungarian_ci DEFAULT NULL,
  `job_title` varchar(50) COLLATE utf8_hungarian_ci DEFAULT NULL,
  `description` text COLLATE utf8_hungarian_ci,
  `state` varchar(50) COLLATE utf8_hungarian_ci DEFAULT NULL
) ENGINE=InnoDB DEFAULT CHARSET=utf8 COLLATE=utf8_hungarian_ci;

--
-- A tábla adatainak kiíratása `contractors`
--

INSERT INTO `contractors` (`userID`, `job_name`, `job_title`, `description`, `state`) VALUES
(1, 'Szaki.hu', 'Full Stack Fejlesztő', 'Lorem ipsum dolor sit amet, consectetur adipiscing elit. Nulla lacus diam, vulputate et mauris non, lacinia sodales libero. In eu malesuada ex. Pellentesque mi urna, venenatis a ex ut, sollicitudin gravida risus.', '19'),
(2, NULL, 'Cukrász', NULL, NULL),
(5, 'Teszt.kft', 'Fejlesztő', 'Ez a Teszt.kft családi vállalkozás', NULL),
(6, NULL, 'Front-end', NULL, NULL),
(8, NULL, 'Félkőrív mérő', NULL, NULL),
(9, 'Fotósok', 'Fejlesztő', 'Mi vagyunk a fotós cég.', NULL),
(10, NULL, 'Kutya kiképző', NULL, NULL);

-- --------------------------------------------------------

--
-- Tábla szerkezet ehhez a táblához `likes`
--

CREATE TABLE `likes` (
  `id` int(11) NOT NULL,
  `contractorID` int(11) NOT NULL,
  `userID` int(11) NOT NULL,
  `liked` tinyint(1) NOT NULL
) ENGINE=InnoDB DEFAULT CHARSET=utf8 COLLATE=utf8_hungarian_ci;

--
-- A tábla adatainak kiíratása `likes`
--

INSERT INTO `likes` (`id`, `contractorID`, `userID`, `liked`) VALUES
(3, 2, 2, 0),
(4, 1, 2, 1),
(5, 1, 4, 1),
(6, 2, 4, 0),
(7, 5, 7, 1),
(8, 2, 7, 1),
(9, 1, 7, 0),
(10, 8, 8, 1),
(11, 1, 8, 1),
(12, 6, 8, 0);

-- --------------------------------------------------------

--
-- Tábla szerkezet ehhez a táblához `log`
--

CREATE TABLE `log` (
  `id` int(11) NOT NULL,
  `userID` int(11) NOT NULL,
  `site` varchar(25) COLLATE utf8_hungarian_ci NOT NULL,
  `activity` varchar(25) COLLATE utf8_hungarian_ci NOT NULL,
  `date` datetime NOT NULL DEFAULT CURRENT_TIMESTAMP
) ENGINE=InnoDB DEFAULT CHARSET=utf8 COLLATE=utf8_hungarian_ci;

--
-- A tábla adatainak kiíratása `log`
--

INSERT INTO `log` (`id`, `userID`, `site`, `activity`, `date`) VALUES
(1, 1, 'loggedin', 'visit', '2019-04-01 12:17:40'),
(2, 1, 'search', 'visit', '2019-04-01 12:17:49'),
(3, 1, 'search', 'visit', '2019-04-01 12:18:07'),
(4, 1, 'loggedin', 'visit', '2019-04-01 12:18:12'),
(5, 2, 'loggedin', 'visit', '2019-04-01 12:19:44'),
(6, 2, 'profile', 'visit', '2019-04-01 12:19:47'),
(7, 2, 'chat', 'visit', '2019-04-01 12:19:48'),
(8, 2, 'chat', 'visit', '2019-04-01 12:19:48'),
(9, 2, 'search', 'visit', '2019-04-01 12:19:49'),
(10, 2, 'search', 'visit', '2019-04-01 12:25:38'),
(11, 2, 'search', 'visit', '2019-04-01 12:26:39'),
(12, 2, 'search', 'visit', '2019-04-01 12:27:28'),
(13, 2, 'search', 'visit', '2019-04-01 12:27:40'),
(14, 2, 'loggedin', 'visit', '2019-04-01 12:28:55'),
(15, 2, 'search', 'visit', '2019-04-01 12:28:59'),
(16, 2, 'search', 'visit', '2019-04-01 12:30:35'),
(17, 2, 'search', 'visit', '2019-04-01 12:32:00'),
(18, 2, 'search', 'visit', '2019-04-01 12:34:20'),
(19, 2, 'search', 'visit', '2019-04-01 12:35:14'),
(20, 2, 'search', 'visit', '2019-04-01 12:36:02'),
(21, 2, 'search', 'visit', '2019-04-01 12:36:20'),
(22, 2, 'search', 'visit', '2019-04-01 12:36:21'),
(23, 2, 'search', 'visit', '2019-04-01 12:36:44'),
(24, 2, 'loggedin', 'visit', '2019-04-01 12:36:45'),
(25, 3, 'loggedin', 'visit', '2019-04-01 12:37:33'),
(26, 4, 'loggedin', 'visit', '2019-04-01 12:37:57'),
(27, 4, 'search', 'visit', '2019-04-01 12:37:59'),
(28, 5, 'loggedin', 'visit', '2019-04-01 12:38:58'),
(29, 5, 'profile', 'visit', '2019-04-01 12:39:04'),
(30, 5, 'profile', 'visit', '2019-04-01 12:41:11'),
(31, 5, 'search', 'visit', '2019-04-01 12:41:16'),
(32, 5, 'chat', 'visit', '2019-04-01 12:41:17'),
(33, 5, 'chat', 'visit', '2019-04-01 12:41:17'),
(34, 5, 'profile', 'visit', '2019-04-01 12:41:18'),
(35, 5, 'profile', 'visit', '2019-04-01 12:42:12'),
(36, 5, 'profile', 'visit', '2019-04-01 12:42:22'),
(37, 5, 'chat', 'visit', '2019-04-01 12:42:26'),
(38, 5, 'chat', 'visit', '2019-04-01 12:42:26'),
(39, 5, 'profile', 'visit', '2019-04-01 12:42:28'),
(40, 5, 'profile', 'visit', '2019-04-01 12:42:52'),
(41, 5, 'profile', 'visit', '2019-04-01 12:43:57'),
(42, 5, 'search', 'visit', '2019-04-01 12:44:01'),
(43, 5, 'chat', 'visit', '2019-04-01 12:44:01'),
(44, 5, 'chat', 'visit', '2019-04-01 12:44:01'),
(45, 5, 'profile', 'visit', '2019-04-01 12:44:03'),
(46, 5, 'profile', 'visit', '2019-04-01 12:45:58'),
(47, 5, 'profile', 'visit', '2019-04-01 12:48:24'),
(48, 5, 'profile', 'visit', '2019-04-01 12:48:45'),
(49, 5, 'profile', 'visit', '2019-04-01 12:50:23'),
(50, 5, 'profile', 'visit', '2019-04-01 12:54:24'),
(51, 2, 'profile', 'visit', '2019-04-01 12:55:16'),
(52, 2, 'profile', 'visit', '2019-04-01 12:55:23'),
(53, 5, 'profile', 'visit', '2019-04-01 12:56:48'),
(54, 5, 'profile', 'visit', '2019-04-01 12:58:45'),
(55, 5, 'profile', 'visit', '2019-04-01 13:03:32'),
(56, 5, 'search', 'visit', '2019-04-01 13:03:54'),
(57, 5, 'chat', 'visit', '2019-04-01 13:03:55'),
(58, 5, 'chat', 'visit', '2019-04-01 13:03:55'),
(59, 5, 'search', 'visit', '2019-04-01 13:04:04'),
(60, 5, 'chat', 'visit', '2019-04-01 13:04:06'),
(61, 5, 'chat', 'visit', '2019-04-01 13:04:37'),
(62, 5, 'chat', 'visit', '2019-04-01 13:04:42'),
(63, 5, 'chat', 'visit', '2019-04-01 13:05:20'),
(64, 5, 'chat', 'visit', '2019-04-01 13:05:25'),
(65, 5, 'profile', 'visit', '2019-04-01 13:05:30'),
(66, 5, 'profile', 'visit', '2019-04-01 13:05:34'),
(67, 5, 'chat', 'visit', '2019-04-01 13:06:17'),
(68, 5, 'chat', 'visit', '2019-04-01 13:06:17'),
(69, 5, 'chat', 'visit', '2019-04-01 13:06:35'),
(70, 5, 'chat', 'visit', '2019-04-01 13:06:41'),
(71, 5, 'chat', 'visit', '2019-04-01 13:07:05'),
(72, 6, 'loggedin', 'visit', '2019-04-01 13:09:15'),
(73, 6, 'chat', 'visit', '2019-04-01 13:09:18'),
(74, 6, 'chat', 'visit', '2019-04-01 13:09:18'),
(75, 6, 'loggedin', 'visit', '2019-04-01 13:09:57'),
(76, 6, 'chat', 'visit', '2019-04-01 13:10:00'),
(77, 6, 'chat', 'visit', '2019-04-01 13:10:00'),
(78, 6, 'search', 'visit', '2019-04-01 13:10:02'),
(79, 6, 'search', 'visit', '2019-04-01 13:10:24'),
(80, 6, 'chat', 'visit', '2019-04-01 13:10:25'),
(81, 6, 'chat', 'visit', '2019-04-01 13:10:25'),
(82, 6, 'chat', 'visit', '2019-04-01 13:10:29'),
(83, 6, 'chat', 'visit', '2019-04-01 13:10:35'),
(84, 6, 'profile', 'visit', '2019-04-01 13:11:27'),
(85, 6, 'profile', 'visit', '2019-04-01 13:14:50'),
(86, 6, 'profile', 'visit', '2019-04-01 13:19:48'),
(87, 6, 'search', 'visit', '2019-04-01 13:20:41'),
(88, 6, 'search', 'visit', '2019-04-01 13:21:03'),
(89, 7, 'loggedin', 'visit', '2019-04-01 13:21:26'),
(90, 7, 'search', 'visit', '2019-04-01 13:21:29'),
(91, 7, 'search', 'visit', '2019-04-01 13:23:14'),
(92, 8, 'loggedin', 'visit', '2019-04-01 13:24:21'),
(93, 8, 'chat', 'visit', '2019-04-01 13:24:29'),
(94, 8, 'chat', 'visit', '2019-04-01 13:24:29'),
(95, 8, 'search', 'visit', '2019-04-01 13:24:31'),
(96, 8, 'search', 'visit', '2019-04-01 13:24:46'),
(97, 8, 'search', 'visit', '2019-04-01 13:24:54'),
(98, 8, 'loggedin', 'visit', '2019-04-01 13:24:58'),
(99, 8, 'chat', 'visit', '2019-04-01 13:25:06'),
(100, 8, 'chat', 'visit', '2019-04-01 13:25:06'),
(101, 8, 'search', 'visit', '2019-04-01 13:25:07'),
(102, 9, 'loggedin', 'visit', '2019-04-01 13:25:55'),
(103, 9, 'chat', 'visit', '2019-04-01 13:25:58'),
(104, 9, 'chat', 'visit', '2019-04-01 13:25:58'),
(105, 9, 'search', 'visit', '2019-04-01 13:25:59'),
(106, 9, 'profile', 'visit', '2019-04-01 13:26:02'),
(107, 9, 'search', 'visit', '2019-04-01 13:26:14'),
(108, 9, 'profile', 'visit', '2019-04-01 13:26:41'),
(109, 9, 'profile', 'visit', '2019-04-01 13:26:45'),
(110, 9, 'profile', 'visit', '2019-04-01 13:27:07'),
(111, 9, 'search', 'visit', '2019-04-01 13:27:53'),
(112, 9, 'search', 'visit', '2019-04-01 13:27:59'),
(113, 9, 'profile', 'visit', '2019-04-01 13:28:02'),
(114, 9, 'search', 'visit', '2019-04-01 13:28:19'),
(115, 1, 'loggedin', 'visit', '2019-04-01 13:28:35'),
(116, 1, 'profile', 'visit', '2019-04-01 13:28:38'),
(117, 1, 'profile', 'visit', '2019-04-01 13:28:42'),
(118, 1, 'search', 'visit', '2019-04-01 13:29:19'),
(119, 10, 'loggedin', 'visit', '2019-04-01 14:37:11'),
(120, 10, 'chat', 'visit', '2019-04-01 14:37:14'),
(121, 10, 'chat', 'visit', '2019-04-01 14:37:14'),
(122, 10, 'search', 'visit', '2019-04-01 14:37:15'),
(123, 10, 'search', 'visit', '2019-04-01 14:37:17'),
(124, 10, 'search', 'visit', '2019-04-01 14:37:18'),
(125, 10, 'search', 'visit', '2019-04-01 14:37:29'),
(126, 10, 'search', 'visit', '2019-04-01 14:37:34'),
(127, 10, 'search', 'visit', '2019-04-01 14:37:35'),
(128, 10, 'search', 'visit', '2019-04-01 14:37:43'),
(129, 10, 'loggedin', 'visit', '2019-04-01 14:38:08'),
(130, 10, 'profile', 'visit', '2019-04-01 14:38:44'),
(131, 1, 'loggedin', 'visit', '2019-04-01 14:40:42'),
(132, 1, 'profile', 'visit', '2019-04-01 14:40:44'),
(133, 1, 'search', 'visit', '2019-04-01 14:40:48'),
(134, 1, 'search', 'visit', '2019-04-01 14:40:51'),
(135, 1, 'search', 'visit', '2019-04-01 14:40:52'),
(136, 1, 'loggedin', 'visit', '2019-04-01 14:47:13'),
(137, 1, 'search', 'visit', '2019-04-01 14:47:18'),
(138, 3, 'search', 'visit', '2019-02-04 03:17:03'),
(139, 9, 'chat', 'visit', '2019-02-16 20:01:27'),
(140, 6, 'loggedin', 'visit', '2018-12-30 14:02:14'),
(141, 3, 'chat', 'visit', '2018-12-11 09:53:25'),
(142, 6, 'loggedin', 'visit', '2018-11-17 11:21:16'),
(143, 4, 'chat', 'visit', '2018-10-09 17:23:46'),
(144, 7, 'search', 'visit', '2019-01-17 04:30:54'),
(145, 9, 'search', 'visit', '2019-03-28 15:08:21'),
(146, 7, 'chat', 'visit', '2018-10-30 08:13:51'),
(147, 9, 'profile', 'visit', '2019-01-30 13:20:42'),
(148, 5, 'chat', 'visit', '2019-03-10 15:55:29'),
(149, 6, 'chat', 'visit', '2019-01-10 10:27:03'),
(150, 9, 'profile', 'visit', '2019-02-03 04:49:07'),
(151, 1, 'chat', 'visit', '2019-01-16 20:47:13'),
(152, 2, 'profile', 'visit', '2019-03-16 20:40:55'),
(153, 7, 'profile', 'visit', '2019-03-14 23:45:49'),
(154, 4, 'profile', 'visit', '2018-11-12 21:43:28'),
(155, 5, 'loggedin', 'visit', '2019-03-16 10:30:04'),
(156, 10, 'loggedin', 'visit', '2019-01-31 08:37:11'),
(157, 6, 'profile', 'visit', '2018-12-16 11:09:12'),
(158, 4, 'search', 'visit', '2019-03-17 21:09:52'),
(159, 9, 'loggedin', 'visit', '2018-11-26 22:16:11'),
(160, 7, 'loggedin', 'visit', '2018-11-08 00:06:14'),
(161, 4, 'loggedin', 'visit', '2019-01-31 13:07:18'),
(162, 6, 'search', 'visit', '2019-03-08 18:58:05'),
(163, 5, 'search', 'visit', '2018-12-19 20:56:31'),
(164, 5, 'loggedin', 'visit', '2018-12-19 22:20:32'),
(165, 3, 'search', 'visit', '2018-12-03 02:46:05'),
(166, 9, 'search', 'visit', '2019-01-05 16:49:30'),
(167, 6, 'profile', 'visit', '2019-02-10 21:24:28'),
(168, 9, 'loggedin', 'visit', '2018-11-20 20:19:58'),
(169, 5, 'loggedin', 'visit', '2019-02-26 03:02:23'),
(170, 8, 'profile', 'visit', '2019-03-04 23:35:20'),
(171, 4, 'loggedin', 'visit', '2019-03-04 12:42:32'),
(172, 7, 'loggedin', 'visit', '2019-03-28 01:09:25'),
(173, 3, 'search', 'visit', '2018-12-05 19:51:50'),
(174, 7, 'chat', 'visit', '2018-12-27 05:17:58'),
(175, 3, 'search', 'visit', '2019-01-22 21:12:49'),
(176, 2, 'search', 'visit', '2019-01-30 20:27:06'),
(177, 6, 'chat', 'visit', '2018-11-27 09:15:32'),
(178, 1, 'chat', 'visit', '2018-12-02 09:28:18'),
(179, 1, 'loggedin', 'visit', '2019-02-22 18:56:03'),
(180, 3, 'chat', 'visit', '2019-03-10 18:04:06'),
(181, 7, 'search', 'visit', '2018-12-17 22:49:45'),
(182, 8, 'chat', 'visit', '2019-02-08 18:58:45'),
(183, 9, 'search', 'visit', '2018-11-30 15:03:53'),
(184, 2, 'loggedin', 'visit', '2018-12-21 08:43:51'),
(185, 5, 'chat', 'visit', '2018-11-07 14:14:03'),
(186, 7, 'chat', 'visit', '2018-12-21 05:05:59'),
(187, 7, 'profile', 'visit', '2018-12-18 22:09:05'),
(188, 1, 'search', 'visit', '2018-10-08 02:12:14'),
(189, 10, 'profile', 'visit', '2018-12-07 14:27:33'),
(190, 7, 'chat', 'visit', '2018-12-18 05:12:32'),
(191, 4, 'profile', 'visit', '2018-10-09 20:07:25'),
(192, 2, 'chat', 'visit', '2018-11-24 03:48:55'),
(193, 8, 'profile', 'visit', '2018-11-13 13:33:40'),
(194, 4, 'chat', 'visit', '2019-01-29 02:52:11'),
(195, 6, 'loggedin', 'visit', '2019-02-26 12:30:39'),
(196, 9, 'profile', 'visit', '2019-01-08 12:23:07'),
(197, 10, 'profile', 'visit', '2019-03-09 15:38:43'),
(198, 3, 'chat', 'visit', '2018-10-01 22:16:03'),
(199, 10, 'loggedin', 'visit', '2018-12-12 18:19:59'),
(200, 5, 'search', 'visit', '2019-03-23 17:22:07'),
(201, 7, 'search', 'visit', '2018-11-08 06:11:22'),
(202, 8, 'chat', 'visit', '2019-01-11 22:40:35'),
(203, 7, 'search', 'visit', '2018-10-14 09:25:25'),
(204, 4, 'chat', 'visit', '2019-02-05 23:24:14'),
(205, 10, 'loggedin', 'visit', '2018-11-20 19:54:44'),
(206, 4, 'chat', 'visit', '2018-12-04 02:07:22'),
(207, 10, 'search', 'visit', '2019-03-06 04:44:14'),
(208, 7, 'chat', 'visit', '2019-03-12 08:30:17'),
(209, 5, 'search', 'visit', '2018-11-24 10:44:22'),
(210, 5, 'loggedin', 'visit', '2018-10-05 15:09:41'),
(211, 10, 'profile', 'visit', '2019-02-12 07:54:20'),
(212, 1, 'profile', 'visit', '2019-02-04 03:24:46'),
(213, 8, 'search', 'visit', '2019-03-05 09:35:16'),
(214, 10, 'profile', 'visit', '2019-02-25 15:07:08'),
(215, 5, 'search', 'visit', '2018-12-24 10:20:00'),
(216, 5, 'profile', 'visit', '2018-12-03 20:55:41'),
(217, 4, 'loggedin', 'visit', '2019-03-10 10:20:28'),
(218, 8, 'loggedin', 'visit', '2018-12-06 15:42:36'),
(219, 1, 'chat', 'visit', '2018-11-08 22:36:28'),
(220, 8, 'loggedin', 'visit', '2019-01-14 23:45:38'),
(221, 10, 'loggedin', 'visit', '2019-01-06 03:07:32'),
(222, 7, 'profile', 'visit', '2018-10-02 20:57:37'),
(223, 1, 'profile', 'visit', '2018-12-31 07:01:40'),
(224, 10, 'loggedin', 'visit', '2019-01-27 00:18:49'),
(225, 2, 'loggedin', 'visit', '2018-12-07 15:10:23'),
(226, 10, 'loggedin', 'visit', '2019-03-24 18:58:51'),
(227, 9, 'chat', 'visit', '2019-01-28 07:55:53'),
(228, 10, 'search', 'visit', '2019-03-07 10:20:45'),
(229, 2, 'profile', 'visit', '2018-10-21 07:20:10'),
(230, 3, 'profile', 'visit', '2019-02-09 16:00:02'),
(231, 5, 'loggedin', 'visit', '2018-11-30 16:33:44'),
(232, 5, 'search', 'visit', '2018-11-27 22:17:07'),
(233, 5, 'loggedin', 'visit', '2018-10-30 01:22:21'),
(234, 10, 'profile', 'visit', '2018-12-06 02:06:48'),
(235, 6, 'profile', 'visit', '2018-12-30 13:20:20'),
(236, 4, 'chat', 'visit', '2018-10-25 14:48:01'),
(237, 8, 'search', 'visit', '2019-02-17 23:57:50'),
(238, 10, 'chat', 'visit', '2019-03-25 13:51:03'),
(239, 3, 'chat', 'visit', '2018-10-15 07:31:48'),
(240, 9, 'search', 'visit', '2018-11-06 03:04:38'),
(241, 10, 'loggedin', 'visit', '2019-02-07 06:35:46'),
(242, 3, 'loggedin', 'visit', '2018-10-31 04:40:48'),
(243, 6, 'loggedin', 'visit', '2018-10-26 13:29:27'),
(244, 8, 'profile', 'visit', '2018-12-20 06:44:23'),
(245, 7, 'search', 'visit', '2018-11-27 13:14:45'),
(246, 2, 'chat', 'visit', '2019-01-31 04:36:01'),
(247, 4, 'profile', 'visit', '2019-03-03 04:42:05'),
(248, 9, 'chat', 'visit', '2019-03-21 05:47:05'),
(249, 7, 'loggedin', 'visit', '2018-11-25 15:34:08'),
(250, 1, 'profile', 'visit', '2019-03-28 12:51:03'),
(251, 5, 'search', 'visit', '2019-02-22 19:51:15'),
(252, 10, 'profile', 'visit', '2018-11-13 09:17:50'),
(253, 3, 'profile', 'visit', '2018-11-26 16:45:52'),
(254, 5, 'chat', 'visit', '2019-02-27 00:29:38'),
(255, 2, 'profile', 'visit', '2019-03-24 14:45:47'),
(256, 9, 'profile', 'visit', '2018-11-01 01:31:49'),
(257, 4, 'search', 'visit', '2019-01-27 12:03:31'),
(258, 8, 'profile', 'visit', '2018-11-10 13:54:23'),
(259, 3, 'loggedin', 'visit', '2019-03-29 10:21:00'),
(260, 2, 'chat', 'visit', '2018-11-09 07:47:09'),
(261, 1, 'chat', 'visit', '2019-01-24 21:10:10'),
(262, 4, 'chat', 'visit', '2019-01-30 04:39:30'),
(263, 3, 'chat', 'visit', '2019-01-29 10:32:36'),
(264, 1, 'search', 'visit', '2019-03-06 22:43:55'),
(265, 8, 'chat', 'visit', '2018-10-14 14:18:56'),
(266, 3, 'loggedin', 'visit', '2019-03-17 07:08:58'),
(267, 7, 'chat', 'visit', '2018-11-03 03:30:21'),
(268, 9, 'loggedin', 'visit', '2018-10-14 10:45:25'),
(269, 6, 'chat', 'visit', '2018-11-16 07:41:22'),
(270, 4, 'search', 'visit', '2018-12-22 20:38:13'),
(271, 6, 'loggedin', 'visit', '2018-10-22 18:34:15'),
(272, 7, 'search', 'visit', '2019-02-04 03:22:38'),
(273, 4, 'search', 'visit', '2019-01-15 01:31:32'),
(274, 1, 'profile', 'visit', '2018-10-16 14:23:14'),
(275, 9, 'loggedin', 'visit', '2019-01-19 20:04:15'),
(276, 6, 'chat', 'visit', '2018-12-13 12:54:18'),
(277, 4, 'profile', 'visit', '2018-12-21 12:49:19'),
(278, 5, 'search', 'visit', '2019-01-18 17:58:28'),
(279, 10, 'profile', 'visit', '2018-11-06 21:30:27'),
(280, 4, 'search', 'visit', '2018-12-31 04:00:33'),
(281, 5, 'profile', 'visit', '2018-10-23 19:00:44'),
(282, 7, 'search', 'visit', '2018-12-22 20:19:37'),
(283, 3, 'search', 'visit', '2019-02-02 02:56:55'),
(284, 6, 'chat', 'visit', '2018-12-23 12:12:58'),
(285, 9, 'search', 'visit', '2018-11-21 19:41:18'),
(286, 8, 'chat', 'visit', '2019-02-26 14:27:37'),
(287, 1, 'chat', 'visit', '2019-02-23 13:13:12'),
(288, 8, 'loggedin', 'visit', '2019-01-28 12:42:39'),
(289, 10, 'chat', 'visit', '2018-12-31 10:42:14'),
(290, 8, 'profile', 'visit', '2018-11-12 19:26:23'),
(291, 2, 'search', 'visit', '2019-02-13 03:41:25'),
(292, 8, 'search', 'visit', '2018-10-04 07:42:17'),
(293, 2, 'profile', 'visit', '2018-10-16 00:08:38'),
(294, 9, 'search', 'visit', '2019-01-14 22:01:11'),
(295, 1, 'chat', 'visit', '2019-03-19 17:36:28'),
(296, 5, 'chat', 'visit', '2018-12-15 12:56:16'),
(297, 8, 'chat', 'visit', '2018-11-01 07:34:25'),
(298, 5, 'loggedin', 'visit', '2018-10-31 09:02:09'),
(299, 1, 'chat', 'visit', '2019-01-03 15:58:43'),
(300, 8, 'chat', 'visit', '2018-12-19 04:21:36'),
(301, 10, 'loggedin', 'visit', '2018-11-16 01:05:19'),
(302, 5, 'chat', 'visit', '2019-02-25 22:39:33'),
(303, 8, 'profile', 'visit', '2018-12-02 16:43:41'),
(304, 7, 'search', 'visit', '2018-10-29 20:03:04'),
(305, 3, 'chat', 'visit', '2018-11-27 03:51:50'),
(306, 10, 'chat', 'visit', '2018-12-08 10:22:11'),
(307, 1, 'search', 'visit', '2018-11-22 10:14:36'),
(308, 1, 'profile', 'visit', '2019-01-02 20:16:19'),
(309, 5, 'search', 'visit', '2019-02-10 21:15:12'),
(310, 6, 'search', 'visit', '2018-11-12 06:28:20'),
(311, 8, 'chat', 'visit', '2018-11-02 10:26:47'),
(312, 2, 'search', 'visit', '2019-01-16 04:52:20'),
(313, 1, 'chat', 'visit', '2018-10-08 18:50:33'),
(314, 4, 'chat', 'visit', '2019-01-01 15:30:08'),
(315, 3, 'loggedin', 'visit', '2018-11-21 16:38:48'),
(316, 4, 'chat', 'visit', '2018-12-29 10:30:47'),
(317, 7, 'chat', 'visit', '2019-02-10 17:32:16'),
(318, 7, 'loggedin', 'visit', '2019-03-07 13:00:00'),
(319, 10, 'search', 'visit', '2019-03-19 13:15:56'),
(320, 3, 'chat', 'visit', '2019-03-09 04:24:16'),
(321, 3, 'search', 'visit', '2019-03-16 04:45:17'),
(322, 9, 'chat', 'visit', '2018-10-28 22:27:34'),
(323, 7, 'loggedin', 'visit', '2018-10-15 05:48:55'),
(324, 5, 'profile', 'visit', '2019-01-09 20:25:10'),
(325, 3, 'loggedin', 'visit', '2019-03-08 11:53:56'),
(326, 4, 'loggedin', 'visit', '2019-03-05 06:34:58'),
(327, 4, 'profile', 'visit', '2018-11-12 12:20:56'),
(328, 5, 'profile', 'visit', '2019-03-17 13:27:02'),
(329, 3, 'search', 'visit', '2018-11-26 04:28:07'),
(330, 1, 'chat', 'visit', '2019-01-31 13:03:42'),
(331, 4, 'chat', 'visit', '2018-11-29 11:43:53'),
(332, 9, 'search', 'visit', '2018-12-24 03:34:57'),
(333, 1, 'chat', 'visit', '2019-02-05 20:25:23'),
(334, 10, 'chat', 'visit', '2019-04-01 06:26:05'),
(335, 10, 'profile', 'visit', '2019-03-11 03:19:32'),
(336, 6, 'chat', 'visit', '2019-03-03 11:51:35'),
(337, 2, 'loggedin', 'visit', '2018-12-16 05:48:07'),
(338, 7, 'chat', 'visit', '2018-11-22 16:22:37'),
(339, 3, 'chat', 'visit', '2018-11-10 17:28:47'),
(340, 10, 'search', 'visit', '2018-11-10 14:50:49'),
(341, 5, 'profile', 'visit', '2019-02-27 21:15:55'),
(342, 6, 'search', 'visit', '2018-12-27 11:15:35'),
(343, 3, 'search', 'visit', '2018-12-27 10:36:40'),
(344, 1, 'loggedin', 'visit', '2018-12-16 13:37:20'),
(345, 9, 'chat', 'visit', '2018-10-11 04:19:10'),
(346, 7, 'search', 'visit', '2018-11-05 12:54:44'),
(347, 3, 'chat', 'visit', '2019-03-27 12:21:06'),
(348, 6, 'loggedin', 'visit', '2019-02-10 05:15:55'),
(349, 5, 'loggedin', 'visit', '2019-02-18 02:54:09'),
(350, 7, 'chat', 'visit', '2018-11-19 15:10:52'),
(351, 3, 'loggedin', 'visit', '2018-11-23 14:53:43'),
(352, 10, 'search', 'visit', '2019-01-02 18:35:40'),
(353, 2, 'search', 'visit', '2019-03-13 18:24:35'),
(354, 6, 'profile', 'visit', '2019-03-24 20:48:22'),
(355, 4, 'loggedin', 'visit', '2018-11-15 22:42:44'),
(356, 3, 'loggedin', 'visit', '2019-01-07 01:31:44'),
(357, 8, 'loggedin', 'visit', '2018-11-11 23:30:23'),
(358, 5, 'loggedin', 'visit', '2019-03-14 19:27:49'),
(359, 2, 'search', 'visit', '2018-11-24 08:37:16'),
(360, 10, 'chat', 'visit', '2019-02-21 05:15:13'),
(361, 5, 'search', 'visit', '2018-10-10 01:00:00'),
(362, 3, 'chat', 'visit', '2019-01-15 22:57:52'),
(363, 1, 'search', 'visit', '2019-01-02 12:26:21'),
(364, 1, 'profile', 'visit', '2018-12-25 02:52:03'),
(365, 5, 'search', 'visit', '2019-01-20 09:05:51'),
(366, 3, 'loggedin', 'visit', '2018-12-01 22:28:48'),
(367, 1, 'profile', 'visit', '2019-03-06 00:26:25'),
(368, 8, 'chat', 'visit', '2018-12-04 15:00:33'),
(369, 7, 'loggedin', 'visit', '2019-02-20 01:45:23'),
(370, 4, 'search', 'visit', '2019-03-16 00:03:11'),
(371, 6, 'loggedin', 'visit', '2018-12-14 17:30:16'),
(372, 4, 'chat', 'visit', '2018-10-19 10:47:08'),
(373, 3, 'loggedin', 'visit', '2018-12-13 11:35:51'),
(374, 1, 'loggedin', 'visit', '2018-11-16 22:20:52'),
(375, 2, 'profile', 'visit', '2018-10-16 05:21:08'),
(376, 5, 'loggedin', 'visit', '2018-12-03 02:01:34'),
(377, 1, 'chat', 'visit', '2018-10-17 17:05:40'),
(378, 4, 'loggedin', 'visit', '2018-10-28 17:18:09'),
(379, 10, 'profile', 'visit', '2018-11-09 09:25:13'),
(380, 10, 'loggedin', 'visit', '2019-02-14 17:51:27'),
(381, 7, 'profile', 'visit', '2019-03-25 15:03:37'),
(382, 4, 'profile', 'visit', '2019-03-31 16:14:21'),
(383, 2, 'profile', 'visit', '2018-12-18 08:28:09'),
(384, 9, 'loggedin', 'visit', '2018-12-09 00:40:59'),
(385, 6, 'profile', 'visit', '2019-02-18 08:27:20'),
(386, 6, 'chat', 'visit', '2019-02-18 08:26:20'),
(387, 6, 'chat', 'visit', '2019-01-25 22:43:50'),
(388, 10, 'chat', 'visit', '2018-11-08 15:20:33'),
(389, 2, 'search', 'visit', '2018-10-29 15:59:29'),
(390, 2, 'loggedin', 'visit', '2019-03-07 22:57:13'),
(391, 8, 'chat', 'visit', '2018-10-28 10:54:39'),
(392, 2, 'search', 'visit', '2018-12-17 10:01:43'),
(393, 2, 'profile', 'visit', '2019-03-14 19:02:30'),
(394, 4, 'search', 'visit', '2019-02-11 23:17:16'),
(395, 6, 'chat', 'visit', '2018-10-05 09:15:11'),
(396, 3, 'chat', 'visit', '2019-03-14 18:14:33'),
(397, 4, 'loggedin', 'visit', '2018-10-01 20:05:54'),
(398, 9, 'loggedin', 'visit', '2018-10-13 14:21:14'),
(399, 8, 'loggedin', 'visit', '2019-01-22 11:01:12'),
(400, 1, 'profile', 'visit', '2019-01-20 22:58:38'),
(401, 3, 'profile', 'visit', '2018-12-22 12:35:01'),
(402, 9, 'search', 'visit', '2019-02-09 04:09:23'),
(403, 6, 'search', 'visit', '2019-01-20 10:35:40'),
(404, 6, 'loggedin', 'visit', '2018-11-17 04:05:55'),
(405, 9, 'search', 'visit', '2019-02-28 14:57:19'),
(406, 3, 'profile', 'visit', '2018-11-25 16:14:14'),
(407, 5, 'loggedin', 'visit', '2018-10-12 07:51:18'),
(408, 5, 'chat', 'visit', '2019-02-22 16:25:47'),
(409, 10, 'search', 'visit', '2019-03-14 08:37:07'),
(410, 10, 'loggedin', 'visit', '2019-01-23 21:35:22'),
(411, 10, 'search', 'visit', '2019-02-11 22:27:50'),
(412, 6, 'profile', 'visit', '2019-03-02 12:23:25'),
(413, 4, 'loggedin', 'visit', '2019-02-10 22:51:57'),
(414, 5, 'profile', 'visit', '2018-12-28 12:00:53'),
(415, 10, 'profile', 'visit', '2018-12-04 23:45:54'),
(416, 8, 'loggedin', 'visit', '2018-11-16 13:15:18'),
(417, 1, 'loggedin', 'visit', '2018-10-01 10:41:47'),
(418, 8, 'chat', 'visit', '2019-03-15 09:22:03'),
(419, 9, 'search', 'visit', '2018-11-11 07:32:46'),
(420, 2, 'profile', 'visit', '2019-02-09 03:04:10'),
(421, 7, 'profile', 'visit', '2018-11-22 02:09:12'),
(422, 2, 'loggedin', 'visit', '2018-10-20 21:30:21'),
(423, 8, 'profile', 'visit', '2018-11-27 18:38:42'),
(424, 2, 'loggedin', 'visit', '2018-11-24 12:15:37'),
(425, 1, 'search', 'visit', '2018-11-25 14:21:20'),
(426, 4, 'chat', 'visit', '2018-10-11 18:10:01'),
(427, 6, 'profile', 'visit', '2018-11-11 12:58:33'),
(428, 7, 'chat', 'visit', '2018-11-09 09:41:36'),
(429, 4, 'search', 'visit', '2018-12-07 18:56:58'),
(430, 10, 'search', 'visit', '2019-01-25 14:04:52'),
(431, 3, 'profile', 'visit', '2019-03-21 18:57:53'),
(432, 7, 'search', 'visit', '2019-01-11 17:13:53'),
(433, 5, 'chat', 'visit', '2019-03-19 03:43:23'),
(434, 8, 'profile', 'visit', '2019-01-17 11:43:24'),
(435, 9, 'profile', 'visit', '2018-12-31 20:29:43'),
(436, 4, 'chat', 'visit', '2018-10-25 14:22:53'),
(437, 3, 'chat', 'visit', '2018-11-29 19:07:23'),
(438, 2, 'loggedin', 'visit', '2018-12-13 08:08:16'),
(439, 8, 'profile', 'visit', '2018-10-24 19:57:27'),
(440, 9, 'search', 'visit', '2019-01-02 21:56:21'),
(441, 2, 'loggedin', 'visit', '2018-11-13 02:29:55'),
(442, 6, 'loggedin', 'visit', '2019-01-29 11:17:42'),
(443, 10, 'profile', 'visit', '2019-02-28 07:15:01'),
(444, 3, 'chat', 'visit', '2018-10-30 21:43:45'),
(445, 3, 'loggedin', 'visit', '2019-01-08 04:17:34'),
(446, 6, 'profile', 'visit', '2018-12-07 23:49:32'),
(447, 1, 'profile', 'visit', '2019-02-24 14:17:02'),
(448, 1, 'profile', 'visit', '2019-01-14 21:13:14'),
(449, 6, 'search', 'visit', '2019-02-27 21:32:25'),
(450, 3, 'loggedin', 'visit', '2018-10-23 10:24:53'),
(451, 3, 'profile', 'visit', '2019-02-27 20:38:26'),
(452, 3, 'chat', 'visit', '2019-03-12 01:38:24'),
(453, 9, 'search', 'visit', '2018-12-14 18:55:46'),
(454, 2, 'chat', 'visit', '2018-12-19 15:53:10'),
(455, 10, 'chat', 'visit', '2019-03-27 23:16:01'),
(456, 7, 'profile', 'visit', '2018-12-30 01:49:00'),
(457, 7, 'loggedin', 'visit', '2018-10-30 18:36:55'),
(458, 10, 'profile', 'visit', '2018-11-14 05:12:55'),
(459, 5, 'loggedin', 'visit', '2019-01-22 13:17:34'),
(460, 10, 'search', 'visit', '2019-01-01 03:07:01'),
(461, 4, 'chat', 'visit', '2019-03-13 22:16:08'),
(462, 9, 'profile', 'visit', '2018-10-09 17:20:56'),
(463, 6, 'search', 'visit', '2018-11-03 09:51:29'),
(464, 1, 'chat', 'visit', '2019-03-27 01:12:46'),
(465, 4, 'search', 'visit', '2018-12-28 03:13:49'),
(466, 3, 'chat', 'visit', '2018-11-27 01:25:27'),
(467, 6, 'chat', 'visit', '2019-03-06 06:20:58'),
(468, 6, 'search', 'visit', '2019-02-11 03:38:27'),
(469, 6, 'chat', 'visit', '2018-12-23 19:17:52'),
(470, 7, 'search', 'visit', '2018-10-06 11:20:37'),
(471, 7, 'loggedin', 'visit', '2018-10-04 12:04:18'),
(472, 5, 'profile', 'visit', '2019-01-11 20:06:17'),
(473, 4, 'profile', 'visit', '2019-02-05 00:48:33'),
(474, 7, 'loggedin', 'visit', '2019-02-01 09:52:40'),
(475, 6, 'chat', 'visit', '2019-03-04 04:43:59'),
(476, 1, 'loggedin', 'visit', '2019-03-06 20:16:39'),
(477, 4, 'chat', 'visit', '2018-12-05 07:56:23'),
(478, 10, 'loggedin', 'visit', '2018-12-20 22:49:59'),
(479, 6, 'search', 'visit', '2019-01-01 14:05:12'),
(480, 4, 'chat', 'visit', '2019-02-27 04:42:18'),
(481, 5, 'search', 'visit', '2018-10-26 18:36:22'),
(482, 4, 'profile', 'visit', '2018-12-16 12:25:54'),
(483, 9, 'loggedin', 'visit', '2018-10-16 04:22:36'),
(484, 8, 'loggedin', 'visit', '2019-03-28 19:41:46'),
(485, 2, 'search', 'visit', '2019-03-12 10:33:50'),
(486, 3, 'profile', 'visit', '2018-11-25 05:38:40'),
(487, 2, 'chat', 'visit', '2019-01-25 03:06:54'),
(488, 9, 'loggedin', 'visit', '2018-12-04 11:12:41'),
(489, 8, 'loggedin', 'visit', '2019-02-03 10:46:05'),
(490, 6, 'search', 'visit', '2019-03-23 11:06:20'),
(491, 1, 'search', 'visit', '2018-12-10 10:43:09'),
(492, 2, 'chat', 'visit', '2018-12-09 14:52:51'),
(493, 8, 'profile', 'visit', '2019-03-29 01:18:16'),
(494, 2, 'loggedin', 'visit', '2019-01-25 10:23:25'),
(495, 1, 'profile', 'visit', '2019-01-21 18:29:46'),
(496, 1, 'profile', 'visit', '2018-10-02 00:39:35'),
(497, 8, 'profile', 'visit', '2018-12-23 10:18:51'),
(498, 4, 'search', 'visit', '2019-03-11 02:39:57'),
(499, 8, 'loggedin', 'visit', '2018-11-25 12:59:28'),
(500, 8, 'search', 'visit', '2019-03-06 07:04:46'),
(501, 5, 'chat', 'visit', '2018-12-17 21:19:13'),
(502, 2, 'profile', 'visit', '2018-11-22 01:07:48'),
(503, 3, 'search', 'visit', '2018-10-22 13:59:37'),
(504, 1, 'profile', 'visit', '2018-10-16 05:52:21'),
(505, 9, 'chat', 'visit', '2019-02-16 05:09:50'),
(506, 3, 'profile', 'visit', '2019-03-03 12:15:02'),
(507, 9, 'chat', 'visit', '2018-12-09 12:39:18'),
(508, 2, 'profile', 'visit', '2019-03-28 15:43:26'),
(509, 4, 'search', 'visit', '2018-11-21 22:43:24'),
(510, 6, 'chat', 'visit', '2018-12-06 13:54:36'),
(511, 2, 'profile', 'visit', '2018-12-01 18:11:36'),
(512, 9, 'search', 'visit', '2019-01-09 08:56:58'),
(513, 1, 'loggedin', 'visit', '2018-12-26 13:25:04'),
(514, 1, 'profile', 'visit', '2018-10-24 07:27:49'),
(515, 8, 'search', 'visit', '2019-02-07 18:14:07'),
(516, 9, 'loggedin', 'visit', '2018-12-12 23:03:32'),
(517, 2, 'profile', 'visit', '2018-12-06 13:12:00'),
(518, 10, 'profile', 'visit', '2019-03-04 17:58:27'),
(519, 2, 'profile', 'visit', '2018-10-14 18:21:01'),
(520, 2, 'search', 'visit', '2018-11-01 06:51:30'),
(521, 3, 'search', 'visit', '2019-01-11 03:18:57'),
(522, 6, 'loggedin', 'visit', '2018-10-03 00:26:52'),
(523, 8, 'profile', 'visit', '2018-10-05 07:14:31'),
(524, 5, 'search', 'visit', '2018-11-09 12:58:56'),
(525, 9, 'chat', 'visit', '2019-02-26 16:48:22'),
(526, 3, 'search', 'visit', '2018-12-07 12:30:09'),
(527, 9, 'chat', 'visit', '2019-02-03 00:19:22'),
(528, 5, 'chat', 'visit', '2018-10-02 11:57:40'),
(529, 10, 'profile', 'visit', '2019-02-11 23:13:08'),
(530, 6, 'search', 'visit', '2018-11-28 08:25:24'),
(531, 1, 'loggedin', 'visit', '2018-10-10 19:58:50'),
(532, 3, 'chat', 'visit', '2019-03-14 00:00:12'),
(533, 7, 'loggedin', 'visit', '2018-11-21 16:36:39'),
(534, 8, 'search', 'visit', '2018-12-02 18:45:32'),
(535, 2, 'profile', 'visit', '2019-03-26 01:03:11'),
(536, 2, 'loggedin', 'visit', '2019-03-19 20:19:27'),
(537, 9, 'search', 'visit', '2019-01-06 18:46:08'),
(538, 9, 'search', 'visit', '2019-01-06 06:04:46'),
(539, 6, 'search', 'visit', '2018-12-05 20:34:17'),
(540, 4, 'loggedin', 'visit', '2019-01-22 23:26:21'),
(541, 8, 'chat', 'visit', '2019-02-25 18:09:58'),
(542, 5, 'search', 'visit', '2018-12-31 08:29:38'),
(543, 8, 'profile', 'visit', '2018-11-17 21:56:23'),
(544, 6, 'loggedin', 'visit', '2019-01-28 04:57:25'),
(545, 6, 'profile', 'visit', '2018-12-17 09:09:13'),
(546, 4, 'chat', 'visit', '2019-03-30 00:26:45'),
(547, 1, 'profile', 'visit', '2019-02-05 18:39:41'),
(548, 5, 'search', 'visit', '2019-01-30 01:54:14'),
(549, 6, 'profile', 'visit', '2018-11-08 16:15:32'),
(550, 8, 'profile', 'visit', '2018-12-25 14:38:24'),
(551, 2, 'profile', 'visit', '2018-12-15 19:26:15'),
(552, 1, 'chat', 'visit', '2019-03-04 21:49:37'),
(553, 6, 'chat', 'visit', '2018-12-19 11:22:17'),
(554, 5, 'profile', 'visit', '2019-03-17 17:31:25'),
(555, 5, 'profile', 'visit', '2018-10-29 14:19:41'),
(556, 2, 'search', 'visit', '2019-02-14 19:51:32'),
(557, 9, 'loggedin', 'visit', '2019-02-21 06:19:12'),
(558, 9, 'loggedin', 'visit', '2018-10-11 01:31:07'),
(559, 7, 'loggedin', 'visit', '2018-11-01 21:35:27'),
(560, 10, 'profile', 'visit', '2019-02-13 19:20:58'),
(561, 8, 'profile', 'visit', '2019-02-06 20:00:21'),
(562, 8, 'profile', 'visit', '2019-03-11 07:30:04'),
(563, 4, 'loggedin', 'visit', '2019-03-19 20:26:28'),
(564, 9, 'loggedin', 'visit', '2018-10-22 09:45:56'),
(565, 4, 'loggedin', 'visit', '2018-10-21 17:43:22'),
(566, 5, 'chat', 'visit', '2018-10-08 02:30:05'),
(567, 3, 'chat', 'visit', '2018-12-26 06:03:39'),
(568, 10, 'chat', 'visit', '2019-03-20 10:28:13'),
(569, 9, 'profile', 'visit', '2018-12-29 03:08:33'),
(570, 4, 'loggedin', 'visit', '2018-12-03 14:31:38'),
(571, 2, 'search', 'visit', '2019-02-20 13:27:54'),
(572, 4, 'chat', 'visit', '2018-12-13 01:16:42'),
(573, 2, 'profile', 'visit', '2018-10-15 21:18:08'),
(574, 2, 'search', 'visit', '2019-03-09 21:05:25'),
(575, 6, 'loggedin', 'visit', '2018-12-01 12:54:03'),
(576, 9, 'chat', 'visit', '2019-03-06 06:59:30'),
(577, 10, 'loggedin', 'visit', '2018-10-27 09:53:32'),
(578, 8, 'chat', 'visit', '2019-01-25 07:06:07'),
(579, 2, 'loggedin', 'visit', '2018-10-24 05:04:49'),
(580, 7, 'chat', 'visit', '2019-03-17 08:04:31'),
(581, 3, 'profile', 'visit', '2018-10-02 16:36:39'),
(582, 4, 'search', 'visit', '2018-10-22 08:15:53'),
(583, 4, 'chat', 'visit', '2019-01-15 16:00:48'),
(584, 9, 'loggedin', 'visit', '2019-03-01 02:47:45'),
(585, 10, 'loggedin', 'visit', '2018-12-31 12:25:20'),
(586, 9, 'profile', 'visit', '2018-12-08 17:20:58'),
(587, 1, 'chat', 'visit', '2019-03-20 10:56:18'),
(588, 3, 'search', 'visit', '2019-01-14 17:27:08'),
(589, 8, 'loggedin', 'visit', '2018-10-03 13:32:36'),
(590, 1, 'loggedin', 'visit', '2019-03-23 16:36:22'),
(591, 6, 'search', 'visit', '2019-02-14 05:45:23'),
(592, 1, 'loggedin', 'visit', '2018-10-06 20:41:15'),
(593, 8, 'chat', 'visit', '2019-02-02 12:31:11'),
(594, 2, 'chat', 'visit', '2018-11-11 18:16:35'),
(595, 3, 'search', 'visit', '2019-03-09 23:47:36'),
(596, 1, 'profile', 'visit', '2019-01-13 03:07:05'),
(597, 3, 'profile', 'visit', '2018-12-30 20:13:47'),
(598, 3, 'chat', 'visit', '2019-01-08 08:39:35'),
(599, 5, 'search', 'visit', '2019-02-22 11:43:58'),
(600, 7, 'profile', 'visit', '2019-01-31 16:10:00'),
(601, 9, 'profile', 'visit', '2018-10-01 22:55:11'),
(602, 1, 'loggedin', 'visit', '2019-02-03 08:31:33'),
(603, 3, 'loggedin', 'visit', '2019-01-10 22:58:08'),
(604, 1, 'chat', 'visit', '2019-02-22 23:38:04'),
(605, 1, 'loggedin', 'visit', '2018-10-18 16:29:50'),
(606, 5, 'chat', 'visit', '2018-12-17 14:56:35'),
(607, 1, 'loggedin', 'visit', '2018-10-23 09:59:24'),
(608, 6, 'search', 'visit', '2019-03-17 21:54:36'),
(609, 6, 'loggedin', 'visit', '2018-11-12 09:31:07'),
(610, 9, 'search', 'visit', '2018-11-23 23:20:00'),
(611, 6, 'search', 'visit', '2018-11-08 12:05:01'),
(612, 3, 'search', 'visit', '2019-02-07 22:46:02'),
(613, 2, 'chat', 'visit', '2019-02-10 16:23:20'),
(614, 1, 'loggedin', 'visit', '2019-03-09 14:04:51'),
(615, 5, 'profile', 'visit', '2018-12-28 06:40:57'),
(616, 4, 'loggedin', 'visit', '2018-10-29 14:03:52'),
(617, 7, 'loggedin', 'visit', '2019-02-01 17:21:55'),
(618, 3, 'loggedin', 'visit', '2019-01-22 15:18:29'),
(619, 2, 'chat', 'visit', '2018-12-29 02:10:56'),
(620, 5, 'search', 'visit', '2019-02-17 16:33:08'),
(621, 5, 'search', 'visit', '2019-02-23 21:46:45'),
(622, 7, 'search', 'visit', '2019-03-11 23:45:43'),
(623, 5, 'chat', 'visit', '2018-12-04 12:30:13'),
(624, 7, 'chat', 'visit', '2018-11-06 11:06:15'),
(625, 7, 'loggedin', 'visit', '2018-12-22 14:30:34'),
(626, 2, 'loggedin', 'visit', '2018-10-20 18:57:32'),
(627, 1, 'search', 'visit', '2019-01-23 23:13:32'),
(628, 7, 'search', 'visit', '2019-01-30 08:59:51'),
(629, 6, 'loggedin', 'visit', '2018-11-08 07:36:37'),
(630, 4, 'search', 'visit', '2018-11-19 12:19:11'),
(631, 3, 'loggedin', 'visit', '2019-02-26 04:23:06'),
(632, 3, 'loggedin', 'visit', '2019-02-20 05:29:20'),
(633, 5, 'profile', 'visit', '2018-10-18 17:03:56'),
(634, 8, 'search', 'visit', '2019-01-21 07:25:18'),
(635, 6, 'loggedin', 'visit', '2018-11-05 10:15:26'),
(636, 10, 'loggedin', 'visit', '2019-01-17 15:59:34'),
(637, 3, 'search', 'visit', '2018-10-30 20:44:32'),
(638, 5, 'loggedin', 'visit', '2019-02-07 01:57:39'),
(639, 7, 'chat', 'visit', '2019-02-24 23:00:08'),
(640, 9, 'loggedin', 'visit', '2018-12-19 06:36:49'),
(641, 1, 'loggedin', 'visit', '2018-12-08 19:15:35'),
(642, 8, 'loggedin', 'visit', '2018-10-03 16:11:05'),
(643, 8, 'profile', 'visit', '2019-01-15 06:55:21'),
(644, 9, 'chat', 'visit', '2018-10-26 00:16:47'),
(645, 9, 'profile', 'visit', '2018-11-07 22:44:15'),
(646, 4, 'loggedin', 'visit', '2019-02-09 05:50:23'),
(647, 2, 'search', 'visit', '2019-03-29 05:28:44'),
(648, 6, 'search', 'visit', '2018-10-24 16:14:54'),
(649, 2, 'loggedin', 'visit', '2018-11-12 11:45:03'),
(650, 6, 'chat', 'visit', '2018-12-18 19:54:03'),
(651, 10, 'chat', 'visit', '2018-11-19 11:40:44'),
(652, 9, 'profile', 'visit', '2019-01-25 20:34:15'),
(653, 2, 'loggedin', 'visit', '2019-01-23 16:38:11'),
(654, 8, 'chat', 'visit', '2018-12-15 11:16:58'),
(655, 8, 'profile', 'visit', '2018-11-14 19:46:08'),
(656, 5, 'profile', 'visit', '2018-10-29 23:10:49'),
(657, 6, 'profile', 'visit', '2018-11-21 22:24:12'),
(658, 1, 'chat', 'visit', '2019-02-24 15:51:47'),
(659, 7, 'chat', 'visit', '2019-01-21 10:16:42'),
(660, 10, 'profile', 'visit', '2018-11-13 01:49:13'),
(661, 5, 'chat', 'visit', '2019-03-30 15:59:06'),
(662, 5, 'search', 'visit', '2019-01-05 19:16:32'),
(663, 2, 'chat', 'visit', '2018-11-03 19:56:04'),
(664, 9, 'chat', 'visit', '2018-10-11 05:29:42'),
(665, 3, 'profile', 'visit', '2018-11-22 10:34:38'),
(666, 10, 'loggedin', 'visit', '2018-11-23 16:48:03'),
(667, 8, 'loggedin', 'visit', '2018-10-28 16:03:15'),
(668, 2, 'chat', 'visit', '2018-10-02 01:02:55'),
(669, 1, 'search', 'visit', '2019-02-13 14:34:40'),
(670, 9, 'profile', 'visit', '2018-12-09 21:43:45'),
(671, 2, 'loggedin', 'visit', '2019-01-06 02:39:10'),
(672, 9, 'chat', 'visit', '2018-10-12 17:18:39'),
(673, 4, 'chat', 'visit', '2018-12-24 16:39:12'),
(674, 2, 'search', 'visit', '2019-02-08 00:35:11'),
(675, 2, 'profile', 'visit', '2018-12-08 23:39:19'),
(676, 1, 'search', 'visit', '2018-12-03 13:32:00'),
(677, 5, 'chat', 'visit', '2019-02-25 22:57:20'),
(678, 5, 'chat', 'visit', '2018-11-05 09:02:22'),
(679, 2, 'search', 'visit', '2019-02-15 18:43:16'),
(680, 5, 'profile', 'visit', '2019-01-13 11:35:04'),
(681, 3, 'chat', 'visit', '2019-01-10 21:12:58'),
(682, 1, 'loggedin', 'visit', '2018-10-31 05:22:25'),
(683, 7, 'loggedin', 'visit', '2018-12-16 12:53:00'),
(684, 3, 'loggedin', 'visit', '2018-12-29 23:00:33'),
(685, 10, 'profile', 'visit', '2019-02-17 16:17:00'),
(686, 9, 'loggedin', 'visit', '2019-03-26 11:33:55'),
(687, 1, 'chat', 'visit', '2018-11-09 11:43:20'),
(688, 9, 'profile', 'visit', '2018-12-20 06:12:18'),
(689, 2, 'profile', 'visit', '2019-03-09 22:20:31'),
(690, 8, 'chat', 'visit', '2019-03-13 05:32:03'),
(691, 8, 'loggedin', 'visit', '2019-02-16 16:48:26'),
(692, 8, 'profile', 'visit', '2018-10-19 13:23:03'),
(693, 4, 'chat', 'visit', '2018-12-27 06:08:12'),
(694, 10, 'chat', 'visit', '2019-01-05 13:19:20'),
(695, 8, 'profile', 'visit', '2018-10-04 10:01:04'),
(696, 6, 'search', 'visit', '2018-10-26 06:47:30'),
(697, 7, 'profile', 'visit', '2018-10-01 12:15:02'),
(698, 8, 'profile', 'visit', '2019-02-24 20:41:54'),
(699, 6, 'chat', 'visit', '2019-01-04 05:39:49'),
(700, 4, 'chat', 'visit', '2018-12-13 13:11:00'),
(701, 8, 'profile', 'visit', '2018-10-07 15:07:18'),
(702, 5, 'chat', 'visit', '2018-12-28 00:33:43'),
(703, 1, 'search', 'visit', '2019-02-11 05:38:54'),
(704, 3, 'loggedin', 'visit', '2018-10-09 07:22:38'),
(705, 6, 'search', 'visit', '2018-11-04 19:07:56'),
(706, 6, 'search', 'visit', '2018-11-02 07:21:48'),
(707, 10, 'profile', 'visit', '2019-03-29 11:06:57'),
(708, 2, 'loggedin', 'visit', '2018-10-21 13:39:58'),
(709, 8, 'profile', 'visit', '2019-03-30 09:20:00'),
(710, 4, 'search', 'visit', '2018-12-12 06:12:05'),
(711, 10, 'loggedin', 'visit', '2019-01-04 02:04:12'),
(712, 10, 'profile', 'visit', '2019-02-20 17:57:26'),
(713, 2, 'search', 'visit', '2018-11-26 11:58:08'),
(714, 3, 'search', 'visit', '2019-02-02 08:19:03'),
(715, 4, 'profile', 'visit', '2019-03-24 09:14:13'),
(716, 10, 'search', 'visit', '2018-11-30 17:06:55'),
(717, 9, 'chat', 'visit', '2019-01-05 22:22:12'),
(718, 3, 'profile', 'visit', '2018-12-13 20:55:53'),
(719, 8, 'search', 'visit', '2018-10-07 11:56:07'),
(720, 9, 'search', 'visit', '2018-11-27 17:17:29'),
(721, 6, 'loggedin', 'visit', '2019-01-21 04:25:35'),
(722, 3, 'loggedin', 'visit', '2018-12-24 01:30:08'),
(723, 5, 'loggedin', 'visit', '2019-02-17 12:29:37'),
(724, 7, 'profile', 'visit', '2019-01-06 04:31:45'),
(725, 8, 'chat', 'visit', '2019-01-02 12:00:54'),
(726, 8, 'chat', 'visit', '2019-02-18 02:48:37'),
(727, 5, 'loggedin', 'visit', '2018-11-21 11:24:30'),
(728, 9, 'loggedin', 'visit', '2019-02-11 03:49:14'),
(729, 10, 'profile', 'visit', '2018-11-05 06:43:37'),
(730, 7, 'profile', 'visit', '2019-01-02 12:41:53'),
(731, 4, 'search', 'visit', '2019-03-05 04:25:59'),
(732, 2, 'profile', 'visit', '2018-12-25 21:36:49'),
(733, 2, 'loggedin', 'visit', '2018-11-11 18:37:13'),
(734, 8, 'profile', 'visit', '2019-01-15 19:14:57'),
(735, 3, 'loggedin', 'visit', '2018-10-07 08:52:18'),
(736, 4, 'search', 'visit', '2018-11-17 04:26:44'),
(737, 1, 'search', 'visit', '2018-12-22 12:11:24'),
(738, 8, 'profile', 'visit', '2019-02-18 09:39:21'),
(739, 9, 'loggedin', 'visit', '2019-03-24 07:41:18'),
(740, 10, 'search', 'visit', '2019-01-30 19:48:42'),
(741, 8, 'loggedin', 'visit', '2019-01-15 08:05:00'),
(742, 10, 'loggedin', 'visit', '2019-02-04 23:13:49'),
(743, 2, 'search', 'visit', '2018-10-06 23:39:20'),
(744, 1, 'search', 'visit', '2019-01-13 03:57:22'),
(745, 8, 'profile', 'visit', '2019-01-22 02:09:12'),
(746, 7, 'search', 'visit', '2019-02-10 11:12:32'),
(747, 1, 'loggedin', 'visit', '2019-01-06 10:41:21'),
(748, 10, 'loggedin', 'visit', '2019-02-02 05:18:19'),
(749, 3, 'loggedin', 'visit', '2019-03-10 16:56:39'),
(750, 7, 'loggedin', 'visit', '2019-02-12 18:15:43'),
(751, 1, 'chat', 'visit', '2019-03-24 01:59:18'),
(752, 4, 'profile', 'visit', '2019-01-31 12:02:28'),
(753, 3, 'loggedin', 'visit', '2019-03-10 14:47:29'),
(754, 8, 'chat', 'visit', '2019-03-03 10:50:58'),
(755, 5, 'loggedin', 'visit', '2018-11-21 01:36:17'),
(756, 4, 'profile', 'visit', '2019-03-20 13:22:05'),
(757, 6, 'profile', 'visit', '2019-03-06 17:36:18'),
(758, 4, 'profile', 'visit', '2019-01-05 21:07:08'),
(759, 6, 'search', 'visit', '2018-11-14 12:33:01'),
(760, 3, 'chat', 'visit', '2018-12-16 08:06:13'),
(761, 5, 'profile', 'visit', '2018-11-26 14:05:04'),
(762, 3, 'chat', 'visit', '2019-04-01 12:19:12'),
(763, 1, 'chat', 'visit', '2019-01-01 10:30:46'),
(764, 5, 'search', 'visit', '2019-02-25 09:33:39'),
(765, 1, 'profile', 'visit', '2018-11-25 15:17:20'),
(766, 5, 'chat', 'visit', '2018-12-22 09:02:47'),
(767, 8, 'loggedin', 'visit', '2018-12-19 14:19:14'),
(768, 10, 'profile', 'visit', '2018-10-05 17:43:01'),
(769, 1, 'profile', 'visit', '2018-10-14 14:07:17'),
(770, 9, 'profile', 'visit', '2019-01-05 01:11:09'),
(771, 3, 'chat', 'visit', '2019-03-19 21:39:13'),
(772, 9, 'profile', 'visit', '2018-12-01 09:06:02'),
(773, 9, 'profile', 'visit', '2019-01-15 01:34:37'),
(774, 8, 'loggedin', 'visit', '2019-03-22 10:13:14'),
(775, 5, 'search', 'visit', '2018-10-05 05:06:33'),
(776, 3, 'loggedin', 'visit', '2019-01-15 14:51:24'),
(777, 5, 'search', 'visit', '2019-03-18 15:06:45'),
(778, 9, 'profile', 'visit', '2018-10-10 18:51:50'),
(779, 6, 'chat', 'visit', '2018-11-22 19:08:00'),
(780, 3, 'profile', 'visit', '2019-03-20 18:29:16'),
(781, 2, 'profile', 'visit', '2018-12-19 23:39:33'),
(782, 6, 'search', 'visit', '2018-11-25 13:26:58'),
(783, 2, 'search', 'visit', '2018-12-18 12:34:37'),
(784, 4, 'profile', 'visit', '2019-02-13 21:03:52'),
(785, 7, 'search', 'visit', '2019-03-07 03:11:17'),
(786, 6, 'profile', 'visit', '2018-11-28 08:47:46'),
(787, 5, 'loggedin', 'visit', '2018-12-03 01:52:08'),
(788, 6, 'chat', 'visit', '2019-03-15 04:41:04'),
(789, 6, 'search', 'visit', '2018-12-07 02:47:31'),
(790, 8, 'profile', 'visit', '2018-12-13 22:19:11'),
(791, 3, 'profile', 'visit', '2018-11-19 01:33:31'),
(792, 8, 'search', 'visit', '2018-11-17 04:29:02'),
(793, 3, 'loggedin', 'visit', '2018-10-17 21:09:32'),
(794, 4, 'loggedin', 'visit', '2018-11-05 22:52:10'),
(795, 4, 'loggedin', 'visit', '2018-12-30 20:08:47'),
(796, 10, 'search', 'visit', '2019-03-15 14:21:16'),
(797, 10, 'loggedin', 'visit', '2018-12-24 15:07:01'),
(798, 6, 'chat', 'visit', '2018-10-08 11:31:00'),
(799, 1, 'chat', 'visit', '2019-01-12 06:11:56'),
(800, 8, 'loggedin', 'visit', '2019-01-04 15:08:43'),
(801, 2, 'chat', 'visit', '2019-03-14 11:13:39'),
(802, 2, 'search', 'visit', '2019-02-27 07:37:03'),
(803, 6, 'profile', 'visit', '2019-01-30 23:12:07'),
(804, 3, 'profile', 'visit', '2019-01-25 11:23:13'),
(805, 9, 'chat', 'visit', '2018-11-29 02:34:38'),
(806, 5, 'loggedin', 'visit', '2018-10-02 18:47:29'),
(807, 8, 'profile', 'visit', '2018-10-21 06:04:27'),
(808, 7, 'profile', 'visit', '2018-12-04 18:24:54'),
(809, 2, 'loggedin', 'visit', '2019-02-02 16:36:26'),
(810, 1, 'loggedin', 'visit', '2019-02-19 03:19:20'),
(811, 2, 'search', 'visit', '2019-01-16 05:43:29'),
(812, 3, 'search', 'visit', '2019-03-15 17:03:57'),
(813, 8, 'loggedin', 'visit', '2018-11-23 03:11:45'),
(814, 4, 'loggedin', 'visit', '2019-03-01 12:58:43'),
(815, 9, 'loggedin', 'visit', '2019-01-06 05:09:57'),
(816, 9, 'search', 'visit', '2018-11-10 23:00:16'),
(817, 4, 'chat', 'visit', '2019-02-19 16:16:48'),
(818, 5, 'chat', 'visit', '2019-03-21 23:54:36'),
(819, 3, 'chat', 'visit', '2018-10-19 09:48:48'),
(820, 8, 'search', 'visit', '2018-11-18 13:04:44'),
(821, 7, 'profile', 'visit', '2018-11-13 18:46:59'),
(822, 6, 'profile', 'visit', '2018-10-14 17:46:36'),
(823, 9, 'search', 'visit', '2019-01-10 01:19:07'),
(824, 1, 'profile', 'visit', '2018-12-17 10:07:04'),
(825, 1, 'loggedin', 'visit', '2019-02-24 10:56:36'),
(826, 8, 'search', 'visit', '2019-03-10 22:02:48'),
(827, 10, 'profile', 'visit', '2018-12-22 12:03:32'),
(828, 2, 'chat', 'visit', '2019-01-27 01:55:33'),
(829, 10, 'profile', 'visit', '2018-10-25 05:57:36'),
(830, 6, 'chat', 'visit', '2019-01-18 17:49:18'),
(831, 2, 'loggedin', 'visit', '2018-12-15 01:53:26'),
(832, 10, 'profile', 'visit', '2019-01-18 20:01:59'),
(833, 2, 'loggedin', 'visit', '2018-11-26 15:50:01'),
(834, 1, 'search', 'visit', '2018-12-10 18:56:35'),
(835, 10, 'profile', 'visit', '2019-02-26 16:30:18'),
(836, 7, 'search', 'visit', '2018-11-25 17:29:27'),
(837, 2, 'profile', 'visit', '2018-12-06 08:13:07'),
(838, 8, 'chat', 'visit', '2018-11-02 17:50:00'),
(839, 2, 'chat', 'visit', '2019-01-02 13:34:07'),
(840, 3, 'chat', 'visit', '2018-11-12 17:31:50'),
(841, 6, 'loggedin', 'visit', '2019-02-09 04:23:07'),
(842, 10, 'search', 'visit', '2018-10-20 18:46:35'),
(843, 5, 'loggedin', 'visit', '2018-12-23 03:14:42'),
(844, 2, 'chat', 'visit', '2019-02-05 12:14:56'),
(845, 7, 'loggedin', 'visit', '2019-01-05 17:35:13'),
(846, 6, 'loggedin', 'visit', '2018-11-20 08:45:57'),
(847, 8, 'loggedin', 'visit', '2019-03-01 08:35:28'),
(848, 1, 'search', 'visit', '2018-10-05 09:04:50'),
(849, 10, 'chat', 'visit', '2018-12-23 10:17:03'),
(850, 5, 'search', 'visit', '2018-10-05 01:13:47'),
(851, 6, 'search', 'visit', '2019-01-16 06:40:06'),
(852, 7, 'profile', 'visit', '2018-11-08 04:29:33'),
(853, 2, 'profile', 'visit', '2019-03-27 08:27:14'),
(854, 2, 'loggedin', 'visit', '2019-03-21 23:36:00'),
(855, 5, 'profile', 'visit', '2018-11-11 13:03:56'),
(856, 9, 'search', 'visit', '2018-10-14 10:29:46'),
(857, 5, 'search', 'visit', '2019-01-19 08:27:17'),
(858, 9, 'loggedin', 'visit', '2018-10-02 17:54:15'),
(859, 9, 'search', 'visit', '2019-01-10 01:40:21'),
(860, 10, 'chat', 'visit', '2018-11-03 07:31:00'),
(861, 1, 'chat', 'visit', '2018-11-26 10:04:00'),
(862, 6, 'profile', 'visit', '2019-02-28 04:39:31'),
(863, 3, 'chat', 'visit', '2018-10-14 03:44:36'),
(864, 6, 'profile', 'visit', '2018-11-23 02:07:24'),
(865, 7, 'chat', 'visit', '2018-10-27 09:37:34'),
(866, 7, 'chat', 'visit', '2019-01-14 22:05:33'),
(867, 10, 'profile', 'visit', '2019-03-02 20:42:00'),
(868, 5, 'search', 'visit', '2019-03-31 17:46:36'),
(869, 7, 'loggedin', 'visit', '2019-03-21 09:35:19'),
(870, 7, 'chat', 'visit', '2019-02-06 16:58:11'),
(871, 3, 'loggedin', 'visit', '2018-12-05 10:13:59'),
(872, 6, 'loggedin', 'visit', '2019-01-09 20:38:51'),
(873, 5, 'profile', 'visit', '2018-12-19 12:33:54'),
(874, 8, 'profile', 'visit', '2018-10-03 14:20:52'),
(875, 4, 'search', 'visit', '2018-12-29 03:00:15'),
(876, 4, 'profile', 'visit', '2018-11-30 12:11:20'),
(877, 6, 'search', 'visit', '2019-02-15 02:48:26'),
(878, 2, 'search', 'visit', '2018-10-15 09:35:10'),
(879, 9, 'search', 'visit', '2019-03-12 21:01:11'),
(880, 1, 'search', 'visit', '2018-10-03 09:39:17'),
(881, 7, 'loggedin', 'visit', '2019-01-28 12:32:38'),
(882, 2, 'search', 'visit', '2018-11-18 15:36:58'),
(883, 10, 'search', 'visit', '2018-11-19 09:41:58'),
(884, 5, 'chat', 'visit', '2018-12-09 22:19:50'),
(885, 2, 'chat', 'visit', '2018-11-02 19:11:52'),
(886, 9, 'chat', 'visit', '2019-02-16 02:03:40'),
(887, 5, 'chat', 'visit', '2019-01-16 05:06:36'),
(888, 4, 'search', 'visit', '2018-12-09 00:15:17'),
(889, 5, 'chat', 'visit', '2019-02-13 11:42:37'),
(890, 8, 'profile', 'visit', '2018-12-29 16:14:53'),
(891, 4, 'chat', 'visit', '2019-02-19 18:15:05'),
(892, 3, 'profile', 'visit', '2018-12-29 13:28:25'),
(893, 6, 'chat', 'visit', '2018-11-30 13:13:05'),
(894, 1, 'profile', 'visit', '2019-03-14 08:30:29'),
(895, 8, 'loggedin', 'visit', '2019-02-08 13:42:54'),
(896, 5, 'search', 'visit', '2018-10-16 19:18:29'),
(897, 7, 'profile', 'visit', '2019-02-23 16:21:35'),
(898, 4, 'profile', 'visit', '2018-12-13 10:52:36'),
(899, 9, 'chat', 'visit', '2019-01-26 19:48:54'),
(900, 2, 'chat', 'visit', '2018-11-17 06:41:11'),
(901, 7, 'chat', 'visit', '2019-03-16 10:40:53'),
(902, 7, 'loggedin', 'visit', '2018-10-01 21:08:20'),
(903, 4, 'loggedin', 'visit', '2019-01-02 05:14:41'),
(904, 6, 'search', 'visit', '2018-11-21 06:35:32'),
(905, 2, 'profile', 'visit', '2019-02-13 12:47:47'),
(906, 4, 'chat', 'visit', '2018-11-23 23:12:22'),
(907, 3, 'profile', 'visit', '2018-10-07 23:08:58'),
(908, 6, 'profile', 'visit', '2019-02-24 22:39:44'),
(909, 2, 'chat', 'visit', '2018-12-15 09:31:44'),
(910, 8, 'search', 'visit', '2019-03-11 11:43:05'),
(911, 1, 'loggedin', 'visit', '2018-12-15 00:35:00'),
(912, 2, 'chat', 'visit', '2018-10-22 16:08:27'),
(913, 2, 'search', 'visit', '2018-10-25 08:10:53'),
(914, 7, 'profile', 'visit', '2019-03-02 14:51:05'),
(915, 2, 'search', 'visit', '2018-12-28 23:42:19'),
(916, 5, 'profile', 'visit', '2018-10-02 23:29:00'),
(917, 6, 'search', 'visit', '2019-02-09 09:50:35'),
(918, 6, 'chat', 'visit', '2018-11-12 19:15:56'),
(919, 1, 'loggedin', 'visit', '2019-03-09 16:26:30'),
(920, 6, 'chat', 'visit', '2019-03-06 11:30:21'),
(921, 1, 'chat', 'visit', '2018-12-28 06:44:27'),
(922, 9, 'search', 'visit', '2019-03-19 14:54:12'),
(923, 4, 'search', 'visit', '2019-03-02 00:08:05'),
(924, 7, 'chat', 'visit', '2018-12-06 15:43:28'),
(925, 7, 'search', 'visit', '2019-01-30 23:59:13'),
(926, 9, 'chat', 'visit', '2018-12-05 12:57:52'),
(927, 9, 'search', 'visit', '2019-02-09 10:33:41'),
(928, 10, 'loggedin', 'visit', '2019-03-07 18:48:31'),
(929, 8, 'profile', 'visit', '2018-11-11 00:22:24'),
(930, 8, 'search', 'visit', '2018-10-05 15:52:55'),
(931, 6, 'chat', 'visit', '2018-10-18 20:18:43'),
(932, 8, 'chat', 'visit', '2019-02-23 18:00:57'),
(933, 8, 'profile', 'visit', '2018-10-02 14:50:05'),
(934, 9, 'search', 'visit', '2018-10-17 20:55:15'),
(935, 10, 'search', 'visit', '2018-10-14 13:13:24'),
(936, 1, 'chat', 'visit', '2018-10-25 09:12:40'),
(937, 7, 'chat', 'visit', '2018-12-01 01:19:11'),
(938, 2, 'chat', 'visit', '2019-01-06 09:12:32'),
(939, 1, 'profile', 'visit', '2018-10-14 20:14:44'),
(940, 6, 'search', 'visit', '2019-02-27 12:31:10'),
(941, 8, 'chat', 'visit', '2018-11-05 12:24:30'),
(942, 3, 'loggedin', 'visit', '2019-01-03 04:17:34'),
(943, 4, 'search', 'visit', '2019-01-27 22:48:37'),
(944, 4, 'loggedin', 'visit', '2019-03-04 10:43:19'),
(945, 6, 'loggedin', 'visit', '2019-02-21 02:51:10'),
(946, 10, 'profile', 'visit', '2018-10-12 22:53:49'),
(947, 5, 'loggedin', 'visit', '2019-03-02 11:54:15'),
(948, 4, 'search', 'visit', '2019-01-13 00:20:02'),
(949, 7, 'search', 'visit', '2018-11-30 09:55:51'),
(950, 2, 'search', 'visit', '2018-10-11 18:22:22'),
(951, 9, 'profile', 'visit', '2018-12-05 12:04:49'),
(952, 10, 'search', 'visit', '2019-01-02 11:13:50'),
(953, 4, 'chat', 'visit', '2019-03-23 08:00:32'),
(954, 7, 'chat', 'visit', '2018-12-25 12:51:30'),
(955, 2, 'loggedin', 'visit', '2019-03-04 21:06:40'),
(956, 7, 'search', 'visit', '2018-12-28 04:28:53'),
(957, 7, 'chat', 'visit', '2018-12-02 14:12:03'),
(958, 1, 'profile', 'visit', '2018-12-31 07:11:15'),
(959, 4, 'loggedin', 'visit', '2018-12-14 18:08:56'),
(960, 4, 'search', 'visit', '2018-12-25 22:29:18'),
(961, 9, 'loggedin', 'visit', '2019-01-29 12:52:55'),
(962, 8, 'search', 'visit', '2018-12-13 03:19:46'),
(963, 3, 'search', 'visit', '2018-10-31 17:31:51'),
(964, 3, 'chat', 'visit', '2019-02-28 19:18:04'),
(965, 3, 'loggedin', 'visit', '2019-03-18 05:01:28'),
(966, 3, 'search', 'visit', '2019-01-30 13:21:34'),
(967, 2, 'search', 'visit', '2019-03-02 07:18:45'),
(968, 4, 'chat', 'visit', '2018-10-27 12:54:59'),
(969, 9, 'loggedin', 'visit', '2018-12-08 14:56:47'),
(970, 3, 'profile', 'visit', '2019-03-12 01:48:57'),
(971, 2, 'chat', 'visit', '2019-03-04 20:58:29'),
(972, 8, 'loggedin', 'visit', '2019-03-13 14:36:17'),
(973, 9, 'loggedin', 'visit', '2018-11-02 01:23:38'),
(974, 3, 'search', 'visit', '2019-02-17 02:53:50'),
(975, 6, 'chat', 'visit', '2018-12-15 10:13:07'),
(976, 6, 'profile', 'visit', '2018-10-25 01:26:45'),
(977, 5, 'chat', 'visit', '2019-03-14 16:27:33'),
(978, 10, 'chat', 'visit', '2018-11-11 10:02:28'),
(979, 2, 'profile', 'visit', '2018-12-16 07:08:33'),
(980, 7, 'chat', 'visit', '2019-03-04 14:15:33'),
(981, 8, 'loggedin', 'visit', '2019-03-30 11:42:46'),
(982, 10, 'loggedin', 'visit', '2019-02-16 14:03:10'),
(983, 4, 'chat', 'visit', '2018-10-02 05:36:21'),
(984, 2, 'profile', 'visit', '2019-02-08 03:45:19'),
(985, 7, 'profile', 'visit', '2019-02-05 06:34:58'),
(986, 4, 'chat', 'visit', '2019-01-27 07:21:46'),
(987, 8, 'chat', 'visit', '2018-11-22 04:16:36'),
(988, 1, 'search', 'visit', '2018-10-25 23:20:27'),
(989, 4, 'chat', 'visit', '2019-02-07 10:36:32'),
(990, 7, 'chat', 'visit', '2019-01-13 08:03:17'),
(991, 7, 'search', 'visit', '2018-12-05 19:52:02'),
(992, 6, 'chat', 'visit', '2019-01-29 10:59:16'),
(993, 3, 'profile', 'visit', '2019-03-20 11:35:37'),
(994, 4, 'chat', 'visit', '2018-10-31 12:44:29'),
(995, 7, 'loggedin', 'visit', '2019-01-26 03:01:24');
INSERT INTO `log` (`id`, `userID`, `site`, `activity`, `date`) VALUES
(996, 10, 'chat', 'visit', '2019-03-19 01:12:45'),
(997, 6, 'chat', 'visit', '2018-12-13 03:19:30'),
(998, 1, 'search', 'visit', '2018-12-03 14:10:25'),
(999, 1, 'chat', 'visit', '2018-12-30 10:03:45'),
(1000, 4, 'search', 'visit', '2018-10-30 03:25:39'),
(1001, 3, 'profile', 'visit', '2018-12-03 04:09:50'),
(1002, 1, 'search', 'visit', '2019-01-03 06:48:13'),
(1003, 4, 'profile', 'visit', '2018-11-15 19:25:15'),
(1004, 8, 'search', 'visit', '2018-12-19 23:04:01'),
(1005, 6, 'chat', 'visit', '2018-10-07 04:59:39'),
(1006, 10, 'profile', 'visit', '2019-01-11 17:48:16'),
(1007, 4, 'search', 'visit', '2018-12-18 19:12:41'),
(1008, 1, 'search', 'visit', '2018-11-25 00:47:36'),
(1009, 1, 'chat', 'visit', '2018-11-13 10:05:17'),
(1010, 5, 'search', 'visit', '2019-02-22 08:56:44'),
(1011, 8, 'search', 'visit', '2019-01-19 04:26:50'),
(1012, 4, 'chat', 'visit', '2019-01-09 17:25:58'),
(1013, 2, 'loggedin', 'visit', '2018-12-14 14:16:12'),
(1014, 6, 'loggedin', 'visit', '2018-12-18 20:03:15'),
(1015, 3, 'loggedin', 'visit', '2019-04-01 12:17:41'),
(1016, 3, 'loggedin', 'visit', '2019-02-21 03:46:09'),
(1017, 5, 'chat', 'visit', '2018-12-03 11:34:57'),
(1018, 3, 'chat', 'visit', '2018-12-18 14:58:31'),
(1019, 7, 'chat', 'visit', '2018-10-21 11:21:05'),
(1020, 10, 'chat', 'visit', '2019-03-15 22:54:28'),
(1021, 1, 'loggedin', 'visit', '2018-12-28 20:06:51'),
(1022, 6, 'loggedin', 'visit', '2018-12-18 15:28:52'),
(1023, 8, 'chat', 'visit', '2018-11-08 07:49:59'),
(1024, 5, 'loggedin', 'visit', '2019-03-01 00:59:40'),
(1025, 7, 'search', 'visit', '2019-02-06 08:49:26'),
(1026, 4, 'search', 'visit', '2019-03-23 12:45:50'),
(1027, 6, 'loggedin', 'visit', '2018-12-11 06:08:37'),
(1028, 1, 'search', 'visit', '2019-01-22 06:44:18'),
(1029, 5, 'profile', 'visit', '2019-03-31 13:03:29'),
(1030, 7, 'loggedin', 'visit', '2018-11-17 08:09:02'),
(1031, 6, 'loggedin', 'visit', '2019-03-28 22:28:52'),
(1032, 4, 'chat', 'visit', '2018-12-15 13:22:16'),
(1033, 3, 'profile', 'visit', '2018-10-23 13:42:01'),
(1034, 7, 'loggedin', 'visit', '2019-01-28 00:16:12'),
(1035, 4, 'loggedin', 'visit', '2019-02-08 20:20:22'),
(1036, 4, 'profile', 'visit', '2018-12-14 23:10:25'),
(1037, 7, 'profile', 'visit', '2018-12-10 06:29:20'),
(1038, 4, 'chat', 'visit', '2019-01-19 05:10:40'),
(1039, 6, 'profile', 'visit', '2019-01-11 12:22:34'),
(1040, 10, 'search', 'visit', '2018-11-05 16:02:51'),
(1041, 4, 'loggedin', 'visit', '2018-10-30 13:56:12'),
(1042, 9, 'profile', 'visit', '2018-11-06 05:24:20'),
(1043, 2, 'loggedin', 'visit', '2019-03-25 12:15:57'),
(1044, 6, 'loggedin', 'visit', '2018-10-09 08:57:36'),
(1045, 4, 'search', 'visit', '2019-01-05 03:20:37'),
(1046, 10, 'loggedin', 'visit', '2019-03-26 07:03:01'),
(1047, 9, 'loggedin', 'visit', '2019-03-31 22:00:29'),
(1048, 6, 'chat', 'visit', '2019-01-31 05:28:50'),
(1049, 7, 'search', 'visit', '2019-02-11 01:25:31'),
(1050, 5, 'search', 'visit', '2018-10-30 07:52:19'),
(1051, 5, 'chat', 'visit', '2019-03-23 00:07:19'),
(1052, 2, 'chat', 'visit', '2018-11-21 06:22:45'),
(1053, 10, 'profile', 'visit', '2019-01-28 10:02:46'),
(1054, 4, 'profile', 'visit', '2018-10-13 15:57:05'),
(1055, 9, 'profile', 'visit', '2018-10-23 19:53:27'),
(1056, 2, 'search', 'visit', '2018-11-26 16:19:45'),
(1057, 3, 'profile', 'visit', '2018-12-20 11:56:36'),
(1058, 5, 'loggedin', 'visit', '2018-12-16 07:34:25'),
(1059, 9, 'loggedin', 'visit', '2019-02-01 08:41:00'),
(1060, 3, 'loggedin', 'visit', '2018-12-21 23:03:57'),
(1061, 6, 'profile', 'visit', '2019-03-13 17:10:34'),
(1062, 2, 'search', 'visit', '2018-10-27 03:27:48'),
(1063, 4, 'chat', 'visit', '2019-03-12 04:19:44'),
(1064, 9, 'chat', 'visit', '2018-10-04 05:02:22'),
(1065, 1, 'loggedin', 'visit', '2018-10-19 06:07:04'),
(1066, 2, 'chat', 'visit', '2018-11-12 22:30:55'),
(1067, 8, 'profile', 'visit', '2018-12-28 09:33:27'),
(1068, 1, 'chat', 'visit', '2018-10-19 04:14:32'),
(1069, 3, 'loggedin', 'visit', '2019-02-16 08:19:16'),
(1070, 6, 'chat', 'visit', '2018-11-09 10:35:51'),
(1071, 2, 'search', 'visit', '2018-11-19 19:51:42'),
(1072, 2, 'profile', 'visit', '2018-12-29 08:06:37'),
(1073, 7, 'loggedin', 'visit', '2019-02-26 22:54:22'),
(1074, 6, 'chat', 'visit', '2019-02-02 16:00:20'),
(1075, 8, 'search', 'visit', '2019-03-03 03:13:08'),
(1076, 3, 'chat', 'visit', '2019-01-24 11:04:51'),
(1077, 9, 'search', 'visit', '2019-03-16 12:18:43'),
(1078, 3, 'loggedin', 'visit', '2019-01-08 09:20:46'),
(1079, 1, 'chat', 'visit', '2018-10-07 10:05:37'),
(1080, 2, 'profile', 'visit', '2018-12-29 17:59:01'),
(1081, 9, 'loggedin', 'visit', '2018-10-07 12:48:33'),
(1082, 6, 'chat', 'visit', '2019-03-30 08:50:58'),
(1083, 9, 'profile', 'visit', '2018-11-28 11:32:16'),
(1084, 3, 'search', 'visit', '2019-02-16 05:44:25'),
(1085, 6, 'loggedin', 'visit', '2018-12-28 03:37:26'),
(1086, 9, 'profile', 'visit', '2018-10-07 01:00:26'),
(1087, 10, 'search', 'visit', '2018-10-16 06:53:58'),
(1088, 5, 'profile', 'visit', '2018-10-21 11:25:44'),
(1089, 7, 'profile', 'visit', '2019-03-22 10:20:40'),
(1090, 9, 'chat', 'visit', '2019-01-14 10:57:50'),
(1091, 2, 'profile', 'visit', '2019-01-23 11:10:22'),
(1092, 8, 'search', 'visit', '2018-11-18 17:01:25'),
(1093, 2, 'profile', 'visit', '2018-11-25 20:57:46'),
(1094, 1, 'chat', 'visit', '2018-11-12 03:34:43'),
(1095, 7, 'chat', 'visit', '2019-02-22 10:03:53'),
(1096, 10, 'search', 'visit', '2019-01-29 16:20:14'),
(1097, 1, 'profile', 'visit', '2018-11-23 06:43:48'),
(1098, 8, 'chat', 'visit', '2018-12-03 04:23:00'),
(1099, 6, 'profile', 'visit', '2019-03-13 10:34:33'),
(1100, 7, 'profile', 'visit', '2019-01-27 10:39:48'),
(1101, 7, 'chat', 'visit', '2019-02-17 15:35:51'),
(1102, 2, 'search', 'visit', '2018-10-09 06:37:52'),
(1103, 7, 'loggedin', 'visit', '2018-10-07 05:39:24'),
(1104, 4, 'loggedin', 'visit', '2018-10-11 23:05:15'),
(1105, 4, 'chat', 'visit', '2018-11-20 15:05:57'),
(1106, 10, 'chat', 'visit', '2018-11-03 07:07:57'),
(1107, 9, 'loggedin', 'visit', '2018-10-04 01:03:11'),
(1108, 2, 'search', 'visit', '2019-03-25 08:35:21'),
(1109, 1, 'loggedin', 'visit', '2018-11-03 02:10:30'),
(1110, 4, 'search', 'visit', '2019-02-25 15:42:41'),
(1111, 6, 'chat', 'visit', '2018-12-18 08:50:31'),
(1112, 9, 'chat', 'visit', '2018-11-25 08:30:54'),
(1113, 1, 'loggedin', 'visit', '2018-11-18 21:33:25'),
(1114, 2, 'search', 'visit', '2018-10-03 15:40:09'),
(1115, 1, 'loggedin', 'visit', '2018-10-29 10:41:25'),
(1116, 4, 'loggedin', 'visit', '2018-12-05 03:56:34'),
(1117, 5, 'chat', 'visit', '2019-03-12 06:14:31'),
(1118, 2, 'chat', 'visit', '2018-10-12 22:02:04'),
(1119, 9, 'loggedin', 'visit', '2018-12-29 15:27:50'),
(1120, 9, 'search', 'visit', '2018-12-04 19:05:55'),
(1121, 2, 'chat', 'visit', '2019-03-02 21:13:46'),
(1122, 8, 'profile', 'visit', '2018-11-12 13:40:05'),
(1123, 3, 'chat', 'visit', '2019-01-05 05:04:35'),
(1124, 9, 'chat', 'visit', '2019-03-28 04:45:23'),
(1125, 9, 'profile', 'visit', '2018-10-07 01:35:12'),
(1126, 6, 'search', 'visit', '2018-11-05 21:28:32'),
(1127, 6, 'loggedin', 'visit', '2019-02-17 07:32:58'),
(1128, 7, 'search', 'visit', '2018-11-10 01:51:03'),
(1129, 5, 'loggedin', 'visit', '2018-12-25 04:05:22'),
(1130, 8, 'chat', 'visit', '2019-02-13 05:46:20'),
(1131, 10, 'profile', 'visit', '2019-03-18 23:17:12'),
(1132, 4, 'loggedin', 'visit', '2019-01-22 05:37:04'),
(1133, 5, 'search', 'visit', '2018-12-27 11:39:51'),
(1134, 7, 'loggedin', 'visit', '2019-01-31 00:03:35'),
(1135, 2, 'search', 'visit', '2019-01-26 02:29:13'),
(1136, 1, 'chat', 'visit', '2019-01-12 15:59:07'),
(1137, 6, 'search', 'visit', '2019-01-14 17:24:04'),
(1138, 1, 'search', 'visit', '2019-03-28 08:58:33'),
(1139, 10, 'loggedin', 'visit', '2018-11-27 00:22:04'),
(1140, 3, 'loggedin', 'visit', '2019-03-13 05:12:34'),
(1141, 10, 'profile', 'visit', '2018-10-05 02:24:16'),
(1142, 7, 'profile', 'visit', '2019-01-08 10:29:08'),
(1143, 2, 'search', 'visit', '2018-11-22 22:41:49'),
(1144, 3, 'chat', 'visit', '2018-11-09 04:54:07'),
(1145, 2, 'loggedin', 'visit', '2018-10-05 19:12:52'),
(1146, 5, 'search', 'visit', '2018-11-04 06:56:57'),
(1147, 6, 'chat', 'visit', '2019-02-19 05:11:54'),
(1148, 7, 'chat', 'visit', '2018-10-02 06:43:48'),
(1149, 5, 'loggedin', 'visit', '2019-01-17 22:21:26'),
(1150, 9, 'search', 'visit', '2018-11-28 15:28:09'),
(1151, 5, 'profile', 'visit', '2019-03-11 21:12:58'),
(1152, 9, 'profile', 'visit', '2018-11-03 15:15:35'),
(1153, 5, 'profile', 'visit', '2019-02-27 13:34:52'),
(1154, 8, 'search', 'visit', '2018-12-22 15:51:18'),
(1155, 6, 'profile', 'visit', '2018-10-19 23:07:37'),
(1156, 6, 'profile', 'visit', '2018-11-01 13:13:44'),
(1157, 10, 'loggedin', 'visit', '2018-12-09 01:06:58'),
(1158, 4, 'loggedin', 'visit', '2018-12-06 19:52:27'),
(1159, 9, 'profile', 'visit', '2018-11-25 15:02:53'),
(1160, 7, 'profile', 'visit', '2019-02-04 06:19:19'),
(1161, 3, 'chat', 'visit', '2019-02-01 07:37:59'),
(1162, 8, 'search', 'visit', '2018-12-27 03:36:26'),
(1163, 1, 'profile', 'visit', '2018-11-04 22:05:50'),
(1164, 7, 'loggedin', 'visit', '2019-03-26 09:27:52'),
(1165, 9, 'chat', 'visit', '2019-03-13 13:24:03'),
(1166, 5, 'profile', 'visit', '2019-03-06 00:52:16'),
(1167, 9, 'chat', 'visit', '2019-01-01 23:12:13'),
(1168, 1, 'search', 'visit', '2019-01-12 08:20:56'),
(1169, 1, 'loggedin', 'visit', '2018-10-25 10:08:08'),
(1170, 6, 'profile', 'visit', '2018-12-27 20:29:38'),
(1171, 7, 'loggedin', 'visit', '2018-12-13 05:01:40'),
(1172, 3, 'loggedin', 'visit', '2019-02-25 06:06:01'),
(1173, 6, 'profile', 'visit', '2019-03-16 13:15:25'),
(1174, 7, 'profile', 'visit', '2018-11-18 21:38:48'),
(1175, 6, 'loggedin', 'visit', '2019-01-22 02:13:24'),
(1176, 9, 'chat', 'visit', '2019-01-15 02:56:24'),
(1177, 5, 'chat', 'visit', '2018-10-11 16:28:43'),
(1178, 1, 'profile', 'visit', '2019-01-10 21:33:05'),
(1179, 7, 'chat', 'visit', '2018-12-11 04:40:30'),
(1180, 7, 'loggedin', 'visit', '2019-02-01 00:22:56'),
(1181, 9, 'loggedin', 'visit', '2018-11-03 02:27:46'),
(1182, 4, 'loggedin', 'visit', '2019-02-09 23:09:30'),
(1183, 10, 'chat', 'visit', '2018-12-02 13:00:20'),
(1184, 8, 'chat', 'visit', '2018-10-04 03:42:36'),
(1185, 4, 'chat', 'visit', '2019-02-03 22:47:56'),
(1186, 8, 'search', 'visit', '2018-12-26 22:17:14'),
(1187, 9, 'loggedin', 'visit', '2019-02-27 19:29:22'),
(1188, 1, 'search', 'visit', '2019-01-25 03:16:44'),
(1189, 6, 'profile', 'visit', '2019-01-30 10:26:38'),
(1190, 4, 'loggedin', 'visit', '2019-01-06 12:56:36'),
(1191, 10, 'search', 'visit', '2018-11-16 04:35:17'),
(1192, 6, 'loggedin', 'visit', '2018-10-17 15:32:30'),
(1193, 7, 'chat', 'visit', '2019-01-20 00:08:24'),
(1194, 9, 'search', 'visit', '2018-12-25 16:45:54'),
(1195, 7, 'profile', 'visit', '2018-12-23 18:22:36'),
(1196, 9, 'search', 'visit', '2018-11-26 02:23:46'),
(1197, 5, 'chat', 'visit', '2019-01-25 11:12:00'),
(1198, 8, 'chat', 'visit', '2018-11-29 10:21:17'),
(1199, 3, 'profile', 'visit', '2019-03-26 11:36:02'),
(1200, 2, 'loggedin', 'visit', '2018-11-02 12:26:24'),
(1201, 9, 'chat', 'visit', '2019-01-17 01:00:55'),
(1202, 7, 'search', 'visit', '2019-03-18 11:51:22'),
(1203, 9, 'profile', 'visit', '2019-02-06 00:15:29'),
(1204, 8, 'loggedin', 'visit', '2019-02-12 20:42:24'),
(1205, 10, 'profile', 'visit', '2019-01-27 14:23:02'),
(1206, 8, 'search', 'visit', '2018-10-21 10:56:00'),
(1207, 9, 'search', 'visit', '2018-11-02 03:34:32'),
(1208, 3, 'chat', 'visit', '2018-10-17 02:57:30'),
(1209, 7, 'chat', 'visit', '2019-03-01 21:09:28'),
(1210, 8, 'profile', 'visit', '2018-10-14 19:43:47'),
(1211, 1, 'chat', 'visit', '2018-10-07 09:59:04'),
(1212, 3, 'chat', 'visit', '2018-10-11 12:10:11'),
(1213, 4, 'search', 'visit', '2018-12-21 00:10:55'),
(1214, 10, 'chat', 'visit', '2019-03-01 03:25:09'),
(1215, 6, 'chat', 'visit', '2019-01-04 02:09:56'),
(1216, 6, 'search', 'visit', '2019-02-05 13:32:58'),
(1217, 1, 'profile', 'visit', '2019-01-09 13:44:33'),
(1218, 5, 'search', 'visit', '2018-11-25 14:27:46'),
(1219, 2, 'search', 'visit', '2019-03-25 23:24:38'),
(1220, 5, 'profile', 'visit', '2018-12-23 00:56:49'),
(1221, 10, 'loggedin', 'visit', '2019-02-04 01:31:39'),
(1222, 5, 'chat', 'visit', '2018-10-23 09:50:03'),
(1223, 9, 'chat', 'visit', '2019-02-24 06:19:27'),
(1224, 2, 'loggedin', 'visit', '2019-01-12 07:02:00'),
(1225, 7, 'loggedin', 'visit', '2018-12-11 11:29:42'),
(1226, 10, 'search', 'visit', '2019-01-05 20:29:50'),
(1227, 3, 'search', 'visit', '2019-02-23 21:42:30'),
(1228, 3, 'profile', 'visit', '2019-02-02 07:12:15'),
(1229, 4, 'profile', 'visit', '2019-03-12 23:16:24'),
(1230, 9, 'profile', 'visit', '2019-03-30 11:20:36'),
(1231, 4, 'chat', 'visit', '2019-01-29 04:14:24'),
(1232, 10, 'loggedin', 'visit', '2019-03-02 04:23:35'),
(1233, 5, 'chat', 'visit', '2019-02-05 23:08:42'),
(1234, 2, 'chat', 'visit', '2019-03-18 23:45:41'),
(1235, 5, 'chat', 'visit', '2019-01-25 19:24:49'),
(1236, 5, 'search', 'visit', '2019-03-10 12:34:42'),
(1237, 5, 'loggedin', 'visit', '2019-01-16 07:25:14'),
(1238, 4, 'search', 'visit', '2019-01-27 10:35:43'),
(1239, 9, 'search', 'visit', '2019-02-02 06:22:26'),
(1240, 2, 'loggedin', 'visit', '2018-11-22 08:38:13'),
(1241, 7, 'search', 'visit', '2019-02-06 15:07:42'),
(1242, 7, 'chat', 'visit', '2018-10-19 10:50:11'),
(1243, 7, 'loggedin', 'visit', '2019-01-17 09:09:05'),
(1244, 7, 'search', 'visit', '2019-02-26 10:21:33'),
(1245, 7, 'profile', 'visit', '2018-11-01 22:30:18'),
(1246, 1, 'loggedin', 'visit', '2019-01-21 20:18:09'),
(1247, 6, 'profile', 'visit', '2018-12-21 10:34:34'),
(1248, 9, 'loggedin', 'visit', '2019-01-11 22:48:36'),
(1249, 5, 'profile', 'visit', '2019-01-23 15:20:04'),
(1250, 7, 'search', 'visit', '2018-11-19 15:28:17'),
(1251, 5, 'search', 'visit', '2019-02-08 07:45:13'),
(1252, 2, 'loggedin', 'visit', '2019-03-08 04:43:16'),
(1253, 6, 'profile', 'visit', '2018-10-02 22:32:13'),
(1254, 6, 'loggedin', 'visit', '2019-01-08 18:12:39'),
(1255, 3, 'chat', 'visit', '2019-03-28 07:13:28'),
(1256, 2, 'loggedin', 'visit', '2019-03-30 23:49:24'),
(1257, 10, 'search', 'visit', '2019-01-12 22:53:10'),
(1258, 3, 'profile', 'visit', '2019-03-15 18:50:44'),
(1259, 4, 'profile', 'visit', '2019-03-06 14:35:31'),
(1260, 6, 'profile', 'visit', '2018-11-15 04:38:43'),
(1261, 4, 'profile', 'visit', '2019-02-13 16:59:37'),
(1262, 3, 'profile', 'visit', '2018-10-05 12:12:42'),
(1263, 4, 'loggedin', 'visit', '2018-12-10 18:25:56'),
(1264, 10, 'search', 'visit', '2018-12-12 11:23:59'),
(1265, 4, 'profile', 'visit', '2018-11-03 06:20:45'),
(1266, 6, 'loggedin', 'visit', '2018-10-09 09:59:08'),
(1267, 5, 'profile', 'visit', '2019-02-11 04:48:12'),
(1268, 9, 'profile', 'visit', '2019-01-26 12:28:01'),
(1269, 5, 'loggedin', 'visit', '2019-03-11 11:26:59'),
(1270, 5, 'chat', 'visit', '2019-03-12 07:27:58'),
(1271, 8, 'profile', 'visit', '2019-02-18 08:31:32'),
(1272, 5, 'search', 'visit', '2019-03-31 10:45:04'),
(1273, 9, 'loggedin', 'visit', '2019-03-14 11:02:47'),
(1274, 6, 'search', 'visit', '2019-01-04 19:59:16'),
(1275, 5, 'chat', 'visit', '2019-02-21 19:21:17'),
(1276, 4, 'search', 'visit', '2019-02-23 04:23:36'),
(1277, 7, 'chat', 'visit', '2018-11-27 04:22:30'),
(1278, 3, 'chat', 'visit', '2019-01-23 18:12:26'),
(1279, 3, 'search', 'visit', '2019-02-04 15:16:00'),
(1280, 10, 'chat', 'visit', '2019-01-30 18:53:59'),
(1281, 7, 'loggedin', 'visit', '2019-01-11 12:25:45'),
(1282, 3, 'search', 'visit', '2018-12-03 01:00:53'),
(1283, 9, 'loggedin', 'visit', '2018-10-01 11:02:12'),
(1284, 8, 'loggedin', 'visit', '2018-10-05 19:20:41'),
(1285, 1, 'loggedin', 'visit', '2018-10-17 10:20:19'),
(1286, 3, 'profile', 'visit', '2018-11-30 09:35:35'),
(1287, 10, 'search', 'visit', '2018-12-10 17:20:17'),
(1288, 7, 'chat', 'visit', '2019-03-31 16:29:09'),
(1289, 4, 'search', 'visit', '2019-03-10 20:02:38'),
(1290, 1, 'loggedin', 'visit', '2019-01-05 16:52:31'),
(1291, 2, 'search', 'visit', '2018-12-29 10:02:57'),
(1292, 9, 'search', 'visit', '2019-02-04 02:33:02'),
(1293, 5, 'loggedin', 'visit', '2018-12-08 15:12:13'),
(1294, 2, 'loggedin', 'visit', '2019-01-07 03:55:02'),
(1295, 6, 'chat', 'visit', '2018-11-26 10:42:16'),
(1296, 6, 'chat', 'visit', '2018-10-06 00:47:55'),
(1297, 10, 'profile', 'visit', '2019-03-16 08:09:42'),
(1298, 3, 'loggedin', 'visit', '2019-02-22 11:25:17'),
(1299, 7, 'profile', 'visit', '2019-03-16 20:03:11'),
(1300, 8, 'loggedin', 'visit', '2019-03-18 08:59:43'),
(1301, 7, 'search', 'visit', '2018-11-12 17:00:38'),
(1302, 2, 'profile', 'visit', '2019-02-03 09:32:20'),
(1303, 5, 'chat', 'visit', '2019-01-03 02:35:08'),
(1304, 2, 'profile', 'visit', '2018-10-22 22:41:57'),
(1305, 4, 'chat', 'visit', '2018-10-08 17:59:00'),
(1306, 6, 'loggedin', 'visit', '2018-11-28 14:29:02'),
(1307, 2, 'chat', 'visit', '2019-01-07 06:01:33'),
(1308, 1, 'loggedin', 'visit', '2018-11-19 22:49:39'),
(1309, 9, 'loggedin', 'visit', '2019-03-11 06:02:57'),
(1310, 2, 'chat', 'visit', '2018-12-30 11:21:15'),
(1311, 9, 'search', 'visit', '2018-11-04 01:50:56'),
(1312, 5, 'profile', 'visit', '2019-03-27 08:19:30'),
(1313, 3, 'profile', 'visit', '2019-03-14 17:54:07'),
(1314, 2, 'profile', 'visit', '2018-11-27 13:28:04'),
(1315, 10, 'profile', 'visit', '2018-12-13 03:18:06'),
(1316, 4, 'search', 'visit', '2019-01-25 18:42:41'),
(1317, 9, 'profile', 'visit', '2019-02-14 06:43:48'),
(1318, 5, 'search', 'visit', '2018-11-21 15:54:13'),
(1319, 6, 'search', 'visit', '2019-03-25 15:28:59'),
(1320, 6, 'profile', 'visit', '2019-01-03 21:23:21'),
(1321, 7, 'chat', 'visit', '2018-10-27 22:35:43'),
(1322, 1, 'search', 'visit', '2019-01-08 08:31:37'),
(1323, 5, 'loggedin', 'visit', '2018-12-04 02:55:53'),
(1324, 4, 'search', 'visit', '2018-12-30 15:41:43'),
(1325, 5, 'loggedin', 'visit', '2019-01-31 02:19:17'),
(1326, 3, 'profile', 'visit', '2019-03-17 12:41:54'),
(1327, 9, 'profile', 'visit', '2018-12-08 05:51:09'),
(1328, 2, 'profile', 'visit', '2018-11-27 02:30:58'),
(1329, 3, 'search', 'visit', '2018-12-13 02:57:23'),
(1330, 7, 'chat', 'visit', '2018-11-10 07:51:34'),
(1331, 5, 'profile', 'visit', '2018-12-03 08:43:39'),
(1332, 10, 'profile', 'visit', '2019-03-28 14:38:14'),
(1333, 2, 'search', 'visit', '2018-11-28 14:40:12'),
(1334, 3, 'chat', 'visit', '2019-02-23 13:46:40'),
(1335, 2, 'chat', 'visit', '2018-10-20 02:18:09'),
(1336, 3, 'search', 'visit', '2019-03-19 05:38:09'),
(1337, 6, 'loggedin', 'visit', '2018-11-15 08:45:27'),
(1338, 1, 'search', 'visit', '2019-01-09 00:47:03'),
(1339, 8, 'profile', 'visit', '2018-10-28 14:06:31'),
(1340, 6, 'profile', 'visit', '2019-01-07 00:38:54'),
(1341, 1, 'loggedin', 'visit', '2018-11-18 08:16:38'),
(1342, 6, 'loggedin', 'visit', '2018-12-31 11:29:41'),
(1343, 3, 'loggedin', 'visit', '2019-01-04 10:44:54'),
(1344, 1, 'loggedin', 'visit', '2019-02-01 16:48:28'),
(1345, 9, 'chat', 'visit', '2018-12-21 20:00:15'),
(1346, 5, 'loggedin', 'visit', '2019-03-20 04:55:54'),
(1347, 3, 'chat', 'visit', '2019-03-26 01:44:54'),
(1348, 5, 'chat', 'visit', '2018-12-31 13:27:20'),
(1349, 8, 'profile', 'visit', '2018-12-03 23:43:10'),
(1350, 7, 'chat', 'visit', '2019-02-27 14:59:57'),
(1351, 1, 'profile', 'visit', '2018-12-30 20:00:07'),
(1352, 4, 'loggedin', 'visit', '2018-10-30 19:43:14'),
(1353, 3, 'loggedin', 'visit', '2018-10-22 06:43:56'),
(1354, 4, 'profile', 'visit', '2019-03-25 12:34:48'),
(1355, 6, 'loggedin', 'visit', '2019-01-01 23:08:43'),
(1356, 8, 'profile', 'visit', '2018-10-10 05:50:19'),
(1357, 4, 'profile', 'visit', '2018-11-25 16:07:43'),
(1358, 6, 'chat', 'visit', '2018-11-30 09:38:28'),
(1359, 8, 'chat', 'visit', '2018-12-17 06:44:28'),
(1360, 10, 'search', 'visit', '2019-03-05 22:11:42'),
(1361, 10, 'loggedin', 'visit', '2019-01-24 05:40:50'),
(1362, 9, 'loggedin', 'visit', '2019-02-08 05:56:45'),
(1363, 6, 'loggedin', 'visit', '2018-10-19 18:27:04'),
(1364, 7, 'profile', 'visit', '2019-03-24 12:29:26'),
(1365, 9, 'search', 'visit', '2018-11-16 01:23:46'),
(1366, 10, 'profile', 'visit', '2019-03-30 14:12:54'),
(1367, 3, 'profile', 'visit', '2018-12-30 13:43:15'),
(1368, 9, 'chat', 'visit', '2018-12-02 19:08:47'),
(1369, 9, 'profile', 'visit', '2018-12-30 22:38:36'),
(1370, 3, 'search', 'visit', '2018-11-16 01:36:49'),
(1371, 7, 'search', 'visit', '2019-01-03 10:34:24'),
(1372, 7, 'loggedin', 'visit', '2019-03-11 06:11:07'),
(1373, 10, 'profile', 'visit', '2019-03-13 05:20:07'),
(1374, 10, 'search', 'visit', '2019-02-20 01:56:44'),
(1375, 1, 'profile', 'visit', '2019-01-10 06:08:49'),
(1376, 10, 'loggedin', 'visit', '2019-03-07 00:50:03'),
(1377, 9, 'loggedin', 'visit', '2019-02-24 11:02:08'),
(1378, 10, 'loggedin', 'visit', '2018-11-10 14:23:31'),
(1379, 5, 'chat', 'visit', '2018-12-23 14:01:49'),
(1380, 1, 'search', 'visit', '2019-03-06 01:49:57'),
(1381, 8, 'profile', 'visit', '2019-03-16 20:11:23'),
(1382, 9, 'search', 'visit', '2018-11-12 02:14:02'),
(1383, 6, 'loggedin', 'visit', '2019-02-03 12:56:02'),
(1384, 7, 'profile', 'visit', '2019-03-08 05:17:04'),
(1385, 1, 'search', 'visit', '2019-01-12 07:15:50'),
(1386, 7, 'profile', 'visit', '2018-11-16 18:01:53'),
(1387, 4, 'loggedin', 'visit', '2019-02-05 05:53:39'),
(1388, 7, 'loggedin', 'visit', '2018-12-24 14:43:57'),
(1389, 8, 'loggedin', 'visit', '2019-02-21 22:32:08'),
(1390, 3, 'loggedin', 'visit', '2019-02-20 21:28:13'),
(1391, 5, 'chat', 'visit', '2018-12-11 18:10:57'),
(1392, 6, 'search', 'visit', '2018-12-21 15:03:19'),
(1393, 8, 'loggedin', 'visit', '2018-11-30 10:50:58'),
(1394, 4, 'search', 'visit', '2019-03-11 04:24:19'),
(1395, 8, 'search', 'visit', '2018-10-07 11:20:13'),
(1396, 6, 'profile', 'visit', '2018-11-25 22:43:53'),
(1397, 6, 'chat', 'visit', '2018-11-03 19:54:46'),
(1398, 5, 'chat', 'visit', '2019-01-17 10:50:29'),
(1399, 10, 'profile', 'visit', '2018-10-19 07:35:49'),
(1400, 5, 'search', 'visit', '2018-10-23 08:48:38'),
(1401, 5, 'loggedin', 'visit', '2018-10-27 20:45:13'),
(1402, 3, 'profile', 'visit', '2019-02-14 19:34:08'),
(1403, 9, 'loggedin', 'visit', '2019-02-22 05:03:42'),
(1404, 4, 'profile', 'visit', '2019-01-19 09:56:07'),
(1405, 6, 'chat', 'visit', '2018-11-17 06:40:09'),
(1406, 1, 'profile', 'visit', '2018-11-08 08:30:07'),
(1407, 4, 'loggedin', 'visit', '2019-02-12 23:39:37'),
(1408, 3, 'loggedin', 'visit', '2019-02-01 22:24:05'),
(1409, 7, 'search', 'visit', '2019-03-31 22:40:19'),
(1410, 10, 'search', 'visit', '2018-11-30 17:29:44'),
(1411, 4, 'loggedin', 'visit', '2018-11-21 11:23:14'),
(1412, 9, 'chat', 'visit', '2019-01-10 11:01:14'),
(1413, 2, 'chat', 'visit', '2019-01-10 13:02:49'),
(1414, 6, 'search', 'visit', '2019-03-02 11:35:11'),
(1415, 7, 'search', 'visit', '2019-03-12 04:02:19'),
(1416, 10, 'chat', 'visit', '2018-10-24 18:15:54'),
(1417, 3, 'loggedin', 'visit', '2019-03-14 12:38:33'),
(1418, 3, 'profile', 'visit', '2019-03-09 20:05:52'),
(1419, 3, 'chat', 'visit', '2018-11-22 08:19:18'),
(1420, 7, 'profile', 'visit', '2018-12-02 00:48:25'),
(1421, 9, 'loggedin', 'visit', '2019-03-26 07:03:14'),
(1422, 4, 'chat', 'visit', '2019-01-06 23:07:48'),
(1423, 4, 'loggedin', 'visit', '2018-11-01 02:50:02'),
(1424, 3, 'loggedin', 'visit', '2018-10-11 02:04:31'),
(1425, 7, 'chat', 'visit', '2018-12-13 16:09:45'),
(1426, 8, 'loggedin', 'visit', '2019-01-23 23:49:22'),
(1427, 4, 'chat', 'visit', '2018-10-10 19:07:07'),
(1428, 7, 'profile', 'visit', '2019-03-07 08:52:42'),
(1429, 10, 'chat', 'visit', '2019-02-13 13:54:30'),
(1430, 4, 'profile', 'visit', '2018-12-03 21:38:12'),
(1431, 8, 'loggedin', 'visit', '2018-10-07 06:49:07'),
(1432, 1, 'profile', 'visit', '2019-01-19 17:50:01'),
(1433, 2, 'search', 'visit', '2019-03-15 21:14:12'),
(1434, 10, 'profile', 'visit', '2019-01-01 10:39:38'),
(1435, 2, 'profile', 'visit', '2018-11-12 20:31:31'),
(1436, 1, 'loggedin', 'visit', '2019-03-27 17:55:32'),
(1437, 6, 'search', 'visit', '2019-01-09 22:01:14'),
(1438, 7, 'chat', 'visit', '2018-11-15 18:01:44'),
(1439, 9, 'loggedin', 'visit', '2019-03-14 22:03:16'),
(1440, 1, 'profile', 'visit', '2018-10-25 00:04:57'),
(1441, 3, 'loggedin', 'visit', '2018-11-04 05:01:53'),
(1442, 7, 'loggedin', 'visit', '2018-12-03 02:20:22'),
(1443, 3, 'search', 'visit', '2019-02-18 16:39:42'),
(1444, 3, 'chat', 'visit', '2019-01-27 10:00:42'),
(1445, 4, 'chat', 'visit', '2018-10-14 01:26:19'),
(1446, 4, 'loggedin', 'visit', '2018-12-16 04:04:43'),
(1447, 3, 'chat', 'visit', '2018-10-16 02:17:24'),
(1448, 3, 'chat', 'visit', '2018-10-19 09:27:03'),
(1449, 4, 'search', 'visit', '2018-11-12 10:04:11'),
(1450, 6, 'loggedin', 'visit', '2019-01-14 10:02:14'),
(1451, 1, 'loggedin', 'visit', '2019-01-12 01:54:42'),
(1452, 4, 'loggedin', 'visit', '2019-02-23 21:20:06'),
(1453, 10, 'chat', 'visit', '2019-03-03 19:49:03'),
(1454, 6, 'loggedin', 'visit', '2018-10-27 11:16:08'),
(1455, 4, 'profile', 'visit', '2019-03-08 10:44:04'),
(1456, 5, 'chat', 'visit', '2018-11-08 23:42:08'),
(1457, 10, 'loggedin', 'visit', '2018-11-19 16:54:07'),
(1458, 1, 'loggedin', 'visit', '2019-01-17 04:54:25'),
(1459, 5, 'profile', 'visit', '2019-02-21 00:44:56'),
(1460, 3, 'profile', 'visit', '2019-03-04 02:12:09'),
(1461, 2, 'loggedin', 'visit', '2019-03-29 03:11:56'),
(1462, 4, 'search', 'visit', '2018-10-08 08:39:40'),
(1463, 8, 'profile', 'visit', '2019-01-18 06:49:13'),
(1464, 8, 'chat', 'visit', '2018-11-04 18:57:01'),
(1465, 6, 'loggedin', 'visit', '2018-11-23 19:34:31'),
(1466, 3, 'profile', 'visit', '2019-01-04 20:20:49'),
(1467, 2, 'search', 'visit', '2019-01-26 04:47:58'),
(1468, 5, 'search', 'visit', '2018-10-30 23:04:42'),
(1469, 6, 'chat', 'visit', '2018-11-20 02:39:30'),
(1470, 8, 'chat', 'visit', '2018-12-18 20:53:58'),
(1471, 1, 'profile', 'visit', '2018-10-12 01:16:35'),
(1472, 3, 'search', 'visit', '2018-11-15 04:09:43'),
(1473, 3, 'search', 'visit', '2019-01-18 13:04:13'),
(1474, 8, 'profile', 'visit', '2018-11-20 04:33:44'),
(1475, 10, 'profile', 'visit', '2018-10-11 15:57:13'),
(1476, 9, 'profile', 'visit', '2018-10-19 01:42:19'),
(1477, 2, 'loggedin', 'visit', '2019-03-17 04:57:29'),
(1478, 4, 'loggedin', 'visit', '2018-10-17 04:35:23'),
(1479, 5, 'profile', 'visit', '2018-12-07 22:47:23'),
(1480, 1, 'search', 'visit', '2019-02-25 16:49:45'),
(1481, 1, 'loggedin', 'visit', '2019-03-17 03:13:32'),
(1482, 2, 'loggedin', 'visit', '2019-01-06 04:10:18'),
(1483, 3, 'loggedin', 'visit', '2019-01-01 07:27:28'),
(1484, 4, 'profile', 'visit', '2018-11-05 22:45:40'),
(1485, 2, 'chat', 'visit', '2019-02-05 23:23:57'),
(1486, 6, 'chat', 'visit', '2019-02-27 20:46:02'),
(1487, 4, 'profile', 'visit', '2019-02-17 03:31:21'),
(1488, 8, 'chat', 'visit', '2019-02-27 03:01:29'),
(1489, 2, 'chat', 'visit', '2018-12-27 02:32:46'),
(1490, 6, 'loggedin', 'visit', '2019-01-05 21:39:14'),
(1491, 7, 'search', 'visit', '2019-01-15 19:38:35'),
(1492, 9, 'chat', 'visit', '2019-03-30 09:56:38'),
(1493, 10, 'profile', 'visit', '2019-03-30 15:25:14'),
(1494, 2, 'loggedin', 'visit', '2018-12-31 22:17:23'),
(1495, 5, 'profile', 'visit', '2019-03-18 11:32:48'),
(1496, 5, 'loggedin', 'visit', '2019-03-06 19:47:53'),
(1497, 3, 'chat', 'visit', '2018-12-28 09:14:36'),
(1498, 3, 'profile', 'visit', '2019-03-05 02:38:43'),
(1499, 6, 'profile', 'visit', '2019-02-13 09:17:33'),
(1500, 7, 'search', 'visit', '2019-02-09 05:10:18'),
(1501, 7, 'profile', 'visit', '2018-12-20 12:08:03'),
(1502, 5, 'search', 'visit', '2018-11-08 06:33:05'),
(1503, 2, 'search', 'visit', '2019-03-05 17:31:50'),
(1504, 10, 'loggedin', 'visit', '2019-03-04 09:36:14'),
(1505, 10, 'search', 'visit', '2018-10-18 05:52:33'),
(1506, 6, 'chat', 'visit', '2019-03-03 01:12:10'),
(1507, 5, 'profile', 'visit', '2018-10-24 01:38:31'),
(1508, 3, 'chat', 'visit', '2019-02-18 16:55:48'),
(1509, 5, 'loggedin', 'visit', '2018-11-19 02:34:37'),
(1510, 5, 'search', 'visit', '2018-12-19 01:02:51'),
(1511, 4, 'search', 'visit', '2019-01-29 01:17:10'),
(1512, 6, 'profile', 'visit', '2018-10-16 15:06:02'),
(1513, 7, 'loggedin', 'visit', '2019-01-06 06:22:35'),
(1514, 10, 'search', 'visit', '2018-10-29 22:16:58'),
(1515, 6, 'chat', 'visit', '2018-11-22 00:35:24'),
(1516, 10, 'search', 'visit', '2018-11-09 07:16:10'),
(1517, 6, 'loggedin', 'visit', '2019-01-13 07:36:30'),
(1518, 2, 'search', 'visit', '2018-11-30 02:12:36'),
(1519, 3, 'profile', 'visit', '2019-03-21 23:31:40'),
(1520, 6, 'loggedin', 'visit', '2018-10-01 19:28:53'),
(1521, 4, 'chat', 'visit', '2018-12-15 16:46:26'),
(1522, 5, 'loggedin', 'visit', '2018-10-14 08:08:47'),
(1523, 7, 'search', 'visit', '2019-01-08 05:54:48'),
(1524, 2, 'search', 'visit', '2019-01-25 09:50:58'),
(1525, 6, 'chat', 'visit', '2019-01-25 02:41:41'),
(1526, 6, 'search', 'visit', '2019-01-13 01:56:12'),
(1527, 2, 'loggedin', 'visit', '2018-10-05 06:42:13'),
(1528, 8, 'loggedin', 'visit', '2019-02-02 01:47:48'),
(1529, 7, 'profile', 'visit', '2018-10-06 06:41:45'),
(1530, 3, 'chat', 'visit', '2018-10-29 17:47:48'),
(1531, 3, 'loggedin', 'visit', '2019-01-17 08:32:12'),
(1532, 10, 'profile', 'visit', '2018-11-16 19:33:57'),
(1533, 7, 'search', 'visit', '2018-12-02 22:19:08'),
(1534, 3, 'chat', 'visit', '2019-03-26 01:33:48'),
(1535, 2, 'chat', 'visit', '2019-03-10 16:59:07'),
(1536, 10, 'chat', 'visit', '2018-10-22 23:15:53'),
(1537, 3, 'chat', 'visit', '2018-12-11 15:07:16'),
(1538, 8, 'profile', 'visit', '2019-02-18 06:11:10'),
(1539, 4, 'loggedin', 'visit', '2018-10-17 11:25:40'),
(1540, 9, 'chat', 'visit', '2018-11-04 05:58:53'),
(1541, 7, 'search', 'visit', '2018-10-16 04:52:29'),
(1542, 1, 'search', 'visit', '2018-10-26 11:58:19'),
(1543, 1, 'profile', 'visit', '2018-12-17 07:23:27'),
(1544, 8, 'loggedin', 'visit', '2018-11-24 23:01:01'),
(1545, 7, 'profile', 'visit', '2019-01-27 18:32:29'),
(1546, 8, 'search', 'visit', '2018-10-18 14:58:45'),
(1547, 6, 'search', 'visit', '2018-12-26 14:14:10'),
(1548, 7, 'search', 'visit', '2019-03-08 21:06:00'),
(1549, 6, 'profile', 'visit', '2019-02-18 15:21:04'),
(1550, 5, 'profile', 'visit', '2018-11-20 21:37:26'),
(1551, 2, 'search', 'visit', '2019-01-24 06:02:52'),
(1552, 9, 'profile', 'visit', '2019-02-14 12:14:09'),
(1553, 9, 'profile', 'visit', '2018-11-26 00:38:32'),
(1554, 7, 'chat', 'visit', '2019-02-27 22:22:29'),
(1555, 9, 'profile', 'visit', '2019-02-08 21:10:03'),
(1556, 6, 'chat', 'visit', '2019-03-29 11:32:14'),
(1557, 7, 'search', 'visit', '2019-01-12 02:42:16'),
(1558, 5, 'loggedin', 'visit', '2018-11-19 20:33:33'),
(1559, 10, 'profile', 'visit', '2018-11-04 04:19:52'),
(1560, 1, 'profile', 'visit', '2019-03-14 01:51:53'),
(1561, 2, 'profile', 'visit', '2019-03-19 10:47:58'),
(1562, 2, 'chat', 'visit', '2019-02-05 18:29:35'),
(1563, 8, 'loggedin', 'visit', '2019-03-09 18:57:45'),
(1564, 9, 'profile', 'visit', '2018-12-24 10:20:27'),
(1565, 8, 'chat', 'visit', '2019-01-12 23:16:30'),
(1566, 7, 'loggedin', 'visit', '2019-01-25 04:16:07'),
(1567, 7, 'search', 'visit', '2018-10-06 01:08:05'),
(1568, 9, 'loggedin', 'visit', '2019-03-13 19:58:32'),
(1569, 1, 'profile', 'visit', '2018-12-17 09:16:03'),
(1570, 8, 'search', 'visit', '2018-10-16 15:27:25'),
(1571, 9, 'search', 'visit', '2019-02-11 21:41:47'),
(1572, 2, 'chat', 'visit', '2019-03-10 03:04:10'),
(1573, 6, 'search', 'visit', '2018-11-10 05:27:26'),
(1574, 2, 'chat', 'visit', '2018-11-04 07:18:36'),
(1575, 9, 'chat', 'visit', '2018-12-05 11:56:51'),
(1576, 7, 'profile', 'visit', '2018-10-12 16:58:28'),
(1577, 2, 'chat', 'visit', '2018-10-12 02:29:48'),
(1578, 5, 'search', 'visit', '2019-02-13 16:21:09'),
(1579, 4, 'loggedin', 'visit', '2018-12-23 06:03:10'),
(1580, 5, 'chat', 'visit', '2019-01-04 11:04:03'),
(1581, 7, 'profile', 'visit', '2018-12-09 06:55:58'),
(1582, 7, 'profile', 'visit', '2019-02-24 17:35:20'),
(1583, 5, 'chat', 'visit', '2018-10-30 22:37:18'),
(1584, 6, 'loggedin', 'visit', '2018-10-26 00:32:58'),
(1585, 8, 'loggedin', 'visit', '2019-02-17 08:02:14'),
(1586, 5, 'chat', 'visit', '2018-12-15 16:55:18'),
(1587, 3, 'chat', 'visit', '2019-03-15 01:08:52'),
(1588, 8, 'chat', 'visit', '2019-01-30 10:29:50'),
(1589, 10, 'loggedin', 'visit', '2018-10-31 18:09:51'),
(1590, 2, 'profile', 'visit', '2019-02-27 06:04:43'),
(1591, 5, 'search', 'visit', '2019-01-07 22:52:40'),
(1592, 5, 'profile', 'visit', '2018-10-07 10:10:01'),
(1593, 7, 'loggedin', 'visit', '2018-12-10 13:56:32'),
(1594, 9, 'profile', 'visit', '2018-10-26 22:22:05'),
(1595, 10, 'chat', 'visit', '2018-12-30 09:33:36'),
(1596, 5, 'search', 'visit', '2019-03-22 05:13:37'),
(1597, 2, 'chat', 'visit', '2019-02-13 11:18:11'),
(1598, 5, 'loggedin', 'visit', '2019-01-06 17:53:12'),
(1599, 6, 'chat', 'visit', '2019-02-01 05:24:28'),
(1600, 7, 'profile', 'visit', '2019-02-12 04:02:35'),
(1601, 10, 'chat', 'visit', '2018-12-17 11:30:46'),
(1602, 2, 'chat', 'visit', '2018-11-08 00:16:08'),
(1603, 2, 'profile', 'visit', '2019-01-19 17:53:46'),
(1604, 7, 'loggedin', 'visit', '2018-12-02 19:55:28'),
(1605, 2, 'search', 'visit', '2018-12-08 22:39:38'),
(1606, 3, 'profile', 'visit', '2018-11-12 16:58:09'),
(1607, 3, 'search', 'visit', '2018-12-08 06:29:35'),
(1608, 1, 'profile', 'visit', '2019-01-02 21:42:32'),
(1609, 4, 'search', 'visit', '2019-03-28 13:31:49'),
(1610, 3, 'profile', 'visit', '2019-01-07 10:20:24'),
(1611, 1, 'profile', 'visit', '2018-11-26 04:04:10'),
(1612, 3, 'chat', 'visit', '2019-02-14 13:05:23'),
(1613, 4, 'loggedin', 'visit', '2018-10-19 08:32:10'),
(1614, 9, 'profile', 'visit', '2019-02-17 21:56:51'),
(1615, 1, 'search', 'visit', '2018-11-20 00:34:00'),
(1616, 3, 'search', 'visit', '2018-11-04 05:46:26'),
(1617, 2, 'search', 'visit', '2019-02-08 03:37:36'),
(1618, 5, 'profile', 'visit', '2018-10-29 11:40:00'),
(1619, 1, 'search', 'visit', '2019-03-14 18:51:04'),
(1620, 10, 'chat', 'visit', '2018-12-26 23:28:34'),
(1621, 1, 'profile', 'visit', '2018-10-31 01:13:12'),
(1622, 1, 'chat', 'visit', '2019-02-24 00:22:05'),
(1623, 3, 'chat', 'visit', '2019-02-20 07:54:27'),
(1624, 10, 'loggedin', 'visit', '2019-01-11 02:19:08'),
(1625, 2, 'loggedin', 'visit', '2019-02-12 02:07:55'),
(1626, 5, 'loggedin', 'visit', '2018-11-27 22:51:30'),
(1627, 10, 'search', 'visit', '2019-03-05 23:13:33'),
(1628, 7, 'chat', 'visit', '2018-10-28 09:22:57'),
(1629, 6, 'search', 'visit', '2019-03-02 03:54:04'),
(1630, 3, 'profile', 'visit', '2019-02-22 05:57:34'),
(1631, 10, 'search', 'visit', '2019-02-02 08:17:31'),
(1632, 8, 'search', 'visit', '2019-03-24 14:08:38'),
(1633, 4, 'loggedin', 'visit', '2018-10-08 07:48:10'),
(1634, 10, 'loggedin', 'visit', '2019-03-04 02:56:30'),
(1635, 5, 'search', 'visit', '2019-03-31 07:53:30'),
(1636, 9, 'search', 'visit', '2019-01-20 23:17:07'),
(1637, 7, 'loggedin', 'visit', '2019-01-26 21:38:31');

-- --------------------------------------------------------

--
-- Tábla szerkezet ehhez a táblához `states`
--

CREATE TABLE `states` (
  `id` int(11) NOT NULL,
  `state_name` varchar(35) COLLATE utf8_hungarian_ci NOT NULL
) ENGINE=InnoDB DEFAULT CHARSET=utf8 COLLATE=utf8_hungarian_ci;

--
-- A tábla adatainak kiíratása `states`
--

INSERT INTO `states` (`id`, `state_name`) VALUES
(1, 'Győr-Moson-Sopron megye'),
(2, 'Vas megye'),
(3, 'Zala megye'),
(4, 'Pest megye'),
(5, 'Fejér megye'),
(6, 'Komárom-Esztergom megye'),
(7, 'Veszprém megye'),
(8, 'Borsod-Abaúj-Zemplén megye'),
(9, 'Heves megye'),
(10, 'Nógrád megye'),
(11, 'Hajdú-Bihar megye'),
(12, 'Jász-Nagykun-Szolnok megye'),
(13, 'Szabolcs-Szatmár-Bereg megye'),
(14, 'Baranya megye'),
(15, 'Somogy megye'),
(16, 'Tolna megye'),
(17, 'Bács-Kiskun megye'),
(18, 'Békés megye'),
(19, 'Csongrád megye');

-- --------------------------------------------------------

--
-- Tábla szerkezet ehhez a táblához `users`
--

CREATE TABLE `users` (
  `userID` int(11) NOT NULL,
  `first_name` varchar(50) COLLATE utf8_hungarian_ci NOT NULL,
  `last_name` varchar(50) COLLATE utf8_hungarian_ci NOT NULL,
  `email` varchar(50) COLLATE utf8_hungarian_ci NOT NULL,
  `password` varchar(100) COLLATE utf8_hungarian_ci NOT NULL,
  `category` varchar(50) COLLATE utf8_hungarian_ci NOT NULL,
  `profile_image` varchar(30) COLLATE utf8_hungarian_ci NOT NULL DEFAULT 'images/Profile.svg'
) ENGINE=InnoDB DEFAULT CHARSET=utf8 COLLATE=utf8_hungarian_ci;

--
-- A tábla adatainak kiíratása `users`
--

INSERT INTO `users` (`userID`, `first_name`, `last_name`, `email`, `password`, `category`, `profile_image`) VALUES
(1, 'Gábor', 'Dániel', 'gabord162@gmail.com', '$2y$10$dm61IL72eY/Z02YyGOq5tuIw4NLdzPjIZ1aUIhgQTikp1Li5GqMJa', 'contractor', 'images/profile/gabord162.png'),
(2, 'Teszt', 'Elek', 'tesztelek@gmail.com', '$2y$10$V.DwNkBZLdYZR8kMIO/uz.v/CiBUIjAaAFXVHeI1wnMYEMFzMtvyO', 'contractor', 'images/Profile.svg'),
(3, 'Teszt', 'Erika', 'tesztelek1@gmail.com', '$2y$10$sIffRG0thKl1gzqzio0Oa.RzI453E/RHC66CyJ7kjvu/KxTK9/yTu', 'individual', 'images/Profile.svg'),
(4, 'Teszt', 'Tamás', 'tesztelek2@gmail.com', '$2y$10$FsXkYDWRi.WrYVxomn7/z.0KC6tLT6SRah94giO6RPev3wZJoolW6', 'individual', 'images/Profile.svg'),
(5, 'Teszt', 'Elek', 'tesztelek3@gmail.com', '$2y$10$0FLsR3IM.F5ucNBZ9JBS6.Dv/sCx3kajcpEgU0HvBp2nNraQpnacq', 'contractor', 'images/Profile.svg'),
(6, 'Teszt', 'Tomi', 'tesztelek4@gmail.com', '$2y$10$6pJgXZzT2H0LB4bwqoH3gO0/6/ecSh1b0oIM3Y7N2ebx56HQnwL.G', 'contractor', 'images/Profile.svg'),
(7, 'Teszt', 'Tamás', 'teszt1@gmail.com', '$2y$10$qw/EOdmL43TLDtQBsXDRYO40XO5kmswJQqOaV1SSzuj7vkEYUq6Tm', 'individual', 'images/Profile.svg'),
(8, 'Kecskés', 'László', 'kecskes@gmail.com', '$2y$10$O9eRtLwGHtWXTCcM3SJpMem8Q7JQoGNT26xxYGHf5t6528ujV8d3i', 'contractor', 'images/Profile.svg'),
(9, 'Teszt', 'Márk', 'tesztelek6@gmail.com', '$2y$10$tSbL5i7phHdm8zLua.HrUe55cJ4lQF51l4r.Mp3M52geabQrRv0i6', 'contractor', 'images/profile/tesztelek6.png'),
(10, 'Teszt', 'Elek', 'teszt@gmail.com', '$2y$10$R.PBBebgX7dhnwDNcq/1ce9uvrf5OrRT/SJIoONt7MzY/62R.nARy', 'contractor', 'images/Profile.svg');

--
-- Indexek a kiírt táblákhoz
--

--
-- A tábla indexei `chat`
--
ALTER TABLE `chat`
  ADD PRIMARY KEY (`id`);

--
-- A tábla indexei `contractors`
--
ALTER TABLE `contractors`
  ADD PRIMARY KEY (`userID`);

--
-- A tábla indexei `likes`
--
ALTER TABLE `likes`
  ADD PRIMARY KEY (`id`);

--
-- A tábla indexei `log`
--
ALTER TABLE `log`
  ADD PRIMARY KEY (`id`);

--
-- A tábla indexei `states`
--
ALTER TABLE `states`
  ADD PRIMARY KEY (`id`);

--
-- A tábla indexei `users`
--
ALTER TABLE `users`
  ADD PRIMARY KEY (`userID`);

--
-- A kiírt táblák AUTO_INCREMENT értéke
--

--
-- AUTO_INCREMENT a táblához `chat`
--
ALTER TABLE `chat`
  MODIFY `id` int(11) NOT NULL AUTO_INCREMENT, AUTO_INCREMENT=8;

--
-- AUTO_INCREMENT a táblához `likes`
--
ALTER TABLE `likes`
  MODIFY `id` int(11) NOT NULL AUTO_INCREMENT, AUTO_INCREMENT=13;

--
-- AUTO_INCREMENT a táblához `log`
--
ALTER TABLE `log`
  MODIFY `id` int(11) NOT NULL AUTO_INCREMENT, AUTO_INCREMENT=1638;

--
-- AUTO_INCREMENT a táblához `states`
--
ALTER TABLE `states`
  MODIFY `id` int(11) NOT NULL AUTO_INCREMENT, AUTO_INCREMENT=20;

--
-- AUTO_INCREMENT a táblához `users`
--
ALTER TABLE `users`
  MODIFY `userID` int(11) NOT NULL AUTO_INCREMENT, AUTO_INCREMENT=11;
COMMIT;

/*!40101 SET CHARACTER_SET_CLIENT=@OLD_CHARACTER_SET_CLIENT */;
/*!40101 SET CHARACTER_SET_RESULTS=@OLD_CHARACTER_SET_RESULTS */;
/*!40101 SET COLLATION_CONNECTION=@OLD_COLLATION_CONNECTION */;
